OBJECTID_1 *,OID_1,Order,Distance
1,47,1,2415.331899
2,35,1,531.878449
3,333,3,645.332352
4,45,1,2282.505998
5,445,3,536.529295
6,523,2,946.052478
7,278,1,434.501993
8,450,1,1594.284503
9,383,1,413.824882
10,93,4,206.87255
11,104,1,182.618265
12,171,1,2399.869883
13,137,1,327.292287
14,451,1,1360.832024
15,20,1,1327.24164
16,469,4,904.866797
17,210,1,1955.549073
18,66,2,198.657446
19,510,3,253.060107
20,147,1,1187.579653
21,194,4,795.954406
22,324,2,80.26921
23,303,1,1083.61979
24,455,1,2085.356404
25,466,1,903.061184
26,121,1,1154.144017
27,362,4,852.706996
28,27,1,1784.1321
29,221,1,2147.646365
30,441,1,1857.105025
31,167,4,318.823322
32,460,1,1424.558998
33,332,1,2.489118
34,235,1,2249.706807
35,22,1,832.171134
36,228,1,271.261278
37,216,1,1886.453793
38,220,1,396.302827
39,459,4,204.406093
40,231,1,215.751927
41,352,4,271.147559
42,289,1,1120.814112
43,331,1,2053.224735
44,267,3,586.374313
45,504,1,1145.28702
46,321,1,44.395736
47,454,1,472.429154
48,270,1,2191.490758
49,250,1,1062.568211
50,393,1,1647.657455
51,350,1,1102.225585
52,130,1,921.004495
53,82,2,393.647957
54,187,7,792.363886
55,132,1,526.253015
56,1,1,150.04125
57,336,2,22.204844
58,58,1,99.413276
59,31,1,1363.374868
60,367,5,613.223268
61,186,1,2098.901424
62,306,1,49.130208
63,326,4,475.901725
64,446,1,1812.878135
65,257,1,1815.473367
66,357,1,1949.232255
67,467,2,7.391455
68,263,1,942.797049
69,68,2,672.698602
70,371,1,949.317404
71,103,1,569.665192
72,98,1,1644.753799
73,429,1,1221.09691
74,15,1,636.630425
75,97,1,1741.724997
76,461,3,1021.026029
77,476,2,2110.184412
78,6,1,2325.860353
79,522,1,1030.330594
80,207,2,868.281684
81,214,1,1761.126657
82,356,1,108.131125
83,178,1,905.899421
84,148,3,1253.190191
85,18,1,125.331711
86,213,7,179.251755
87,304,1,217.359106
88,101,2,171.888923
89,262,2,1663.915655
90,520,1,1489.670661
91,5,1,650.282201
92,259,3,601.827035
93,40,1,395.621152
94,38,1,1819.150343
95,489,1,41.131938
96,317,1,1519.347872
97,368,1,464.515282
98,381,1,344.290159
99,67,3,265.23903
100,133,3,923.844851
101,452,1,154.723786
102,79,1,1744.565484
103,457,1,1417.661485
104,436,1,982.01925
105,200,1,1305.063784
106,240,1,1539.734751
107,252,2,21.519977
108,456,1,1847.87137
109,275,1,1562.187412
110,422,1,1071.917874
111,118,2,372.802267
112,435,3,116.633157
113,302,2,47.493546
114,488,1,2044.390964
115,521,1,974.421344
116,246,1,2553.033799
117,120,1,1043.178875
118,269,1,19.078109
119,404,2,75.740804
120,182,2,33.863386
121,500,1,514.068355
122,185,1,1889.518222
123,444,2,997.434754
124,366,2,823.401203
125,181,1,2455.65005
126,300,1,187.155439
127,264,3,202.51016
128,208,1,183.958189
129,346,4,91.715578
130,439,2,449.8417
131,232,1,1689.571584
132,369,1,34.346417
133,32,1,137.95342
134,421,3,150.060728
135,78,1,935.964042
136,430,1,1439.648794
137,412,1,152.758368
138,351,2,841.890978
139,174,1,510.630266
140,48,3,960.31767
141,344,4,6.918702
142,364,1,407.485073
143,285,1,1672.911756
144,154,4,179.25366
145,115,1,1412.028927
146,140,1,1590.126112
147,196,1,291.263415
148,462,1,1735.299766
149,198,1,898.853249
150,315,1,1092.512702
151,394,1,1751.909697
152,348,1,1094.703158
153,501,1,1442.418396
154,41,2,94.607642
155,73,2,1396.54043
156,525,2,1214.448464
157,492,1,116.764064
158,10,3,36.403908
159,100,1,1056.262558
160,384,3,90.874961
161,150,1,3.421985
162,87,1,836.795896
163,61,1,1753.67406
164,410,3,974.2238
165,473,3,479.788764
166,274,4,1358.462092
167,416,1,778.699604
168,478,1,968.845575
169,287,3,1113.285499
170,13,2,763.219754
171,80,2,410.289939
172,507,1,1823.30222
173,247,2,334.426808
174,117,1,812.802305
175,142,2,1251.010202
176,249,2,299.301462
177,149,4,1633.953716
178,347,1,1300.994707
179,319,1,120.009431
180,91,1,1545.475054
181,169,1,1467.613577
182,388,1,547.215856
183,293,2,92.662257
184,292,1,532.905872
185,2,2,148.822685
186,128,2,830.750867
187,30,2,1491.27178
188,477,1,910.142755
189,526,5,387.883239
190,379,3,631.8126
191,433,1,963.078688
192,483,3,193.845334
193,248,1,1550.646133
194,59,1,257.810426
195,320,1,2572.221066
196,330,3,177.623937
197,89,2,1560.65566
198,65,1,468.134921
199,53,1,213.306405
200,503,1,2135.44268
201,126,1,241.419986
202,180,1,102.604733
203,166,1,2152.815704
204,50,2,537.506536
205,475,3,1869.257889
206,159,1,175.477216
207,527,3,714.447616
208,284,1,9.127653
209,28,1,2000.585213
210,448,1,1736.461347
211,280,1,1947.216613
212,424,1,1923.742364
213,110,2,637.042379
214,215,4,121.153784
215,395,1,205.529933
216,408,1,1214.802204
217,51,5,154.979701
218,528,1,1440.136187
219,202,5,712.000551
220,62,1,713.571221
221,480,1,1468.595726
222,218,1,126.089265
223,251,1,719.178139
224,497,1,455.818261
225,374,1,371.00239
226,396,1,1695.073766
227,160,1,219.525805
228,358,1,964.575132
229,39,3,553.617155
230,44,1,839.198812
231,273,4,990.508878
232,305,1,885.663487
233,313,1,853.194001
234,294,1,183.620151
235,14,1,1517.588996
236,203,1,511.005004
237,329,1,1401.643493
238,111,1,749.614343
239,341,2,306.581288
240,389,2,34.201209
241,3,1,408.274005
242,211,1,2428.566596
243,398,1,35.761734
244,241,1,2.832593
245,309,1,736.580934
246,299,1,930.999757
247,179,1,1025.576181
248,165,1,2172.444397
249,175,2,976.118783
250,498,1,146.683502
251,209,1,2364.409021
252,16,2,94.384491
253,245,1,113.430286
254,85,1,109.486258
255,360,1,76.340642
256,413,2,156.480648
257,239,3,734.558683
258,519,1,526.037822
259,307,2,1418.874583
260,122,1,52.38109
261,471,1,2032.668835
262,107,2,1080.397375
263,409,1,1259.92719
264,434,1,1275.750541
265,517,2,1420.704518
266,163,1,1297.880853
267,312,1,1758.553499
268,153,1,234.524508
269,266,2,1387.539371
270,279,2,439.29253
271,373,1,1378.558002
272,199,1,879.329632
273,4,1,2043.945749
274,322,1,1931.879109
275,339,1,13.43569
276,83,1,725.080562
277,72,1,526.286313
278,26,1,733.613596
279,60,2,270.521139
280,402,1,719.230432
281,298,2,1213.802158
282,57,2,1170.478555
283,54,1,642.199785
284,372,2,1390.94545
285,499,1,2373.300691
286,387,1,1713.911794
287,242,6,369.81838
288,314,2,711.051844
289,116,1,1675.879543
290,286,1,1459.516767
291,258,2,409.132463
292,11,2,217.932564
293,188,6,785.176293
294,423,1,560.115998
295,531,2,994.849695
296,243,1,919.5609
297,391,3,400.828082
298,479,1,1932.720589
299,99,1,187.72821
300,193,1,1058.990344
301,84,1,206.038152
302,206,1,624.52457
303,468,1,237.621324
304,361,1,1182.358322
305,272,1,100.500891
306,222,1,226.240436
307,335,1,2145.787717
308,64,6,92.508907
309,363,2,1869.791013
310,173,1,436.396004
311,102,2,44.676348
312,474,2,1053.071501
313,316,1,68.49273
314,426,1,1790.164474
315,405,1,1012.676296
316,55,1,401.892063
317,205,1,1158.575474
318,512,1,2269.600092
319,17,2,303.584757
320,108,1,480.045345
321,225,1,2697.701498
322,81,3,155.380719
323,401,1,478.796932
324,138,2,116.179547
325,127,1,753.821523
326,233,2,87.628098
327,176,1,843.75417
328,349,2,1544.300325
329,345,1,1814.137643
330,29,1,285.543727
331,136,1,1089.190347
332,224,3,472.856034
333,502,1,377.13023
334,261,4,133.192739
335,255,1,1023.711978
336,323,1,2800.140391
337,139,1,517.772848
338,414,1,1403.273516
339,482,1,901.079467
340,291,1,168.751577
341,380,1,66.654204
342,46,1,869.561721
343,308,3,40.996654
344,19,1,1008.635821
345,440,1,1311.79327
346,494,2,265.157911
347,392,1,1828.592232
348,340,1,428.547002
349,427,1,98.125248
350,191,2,144.107741
351,238,3,131.305463
352,447,3,999.919627
353,353,2,318.341884
354,354,3,207.44396
355,370,1,1725.998791
356,63,1,694.440206
357,170,2,1057.616032
358,328,3,496.237357
359,56,1,510.406773
360,158,1,714.462521
361,70,1,83.323855
362,334,1,819.23678
363,463,3,526.536597
364,94,1,1496.355211
365,310,1,707.807337
366,52,2,734.887794
367,419,1,115.212277
368,34,1,2509.007222
369,223,1,3849.413071
370,375,2,1700.521663
371,431,1,244.196496
372,417,1,862.696818
373,297,1,1640.90361
374,74,1,1725.105763
375,378,1,968.933245
376,453,3,1833.8953
377,400,1,1585.495859
378,514,2,1695.219296
379,204,2,211.525048
380,253,1,614.162348
381,71,1,250.404682
382,288,1,181.343804
383,411,2,1160.439405
384,76,1,440.17446
385,7,1,1363.098099
386,177,1,1260.971577
387,114,1,472.348423
388,25,1,447.058929
389,365,1,784.97785
390,343,3,83.455976
391,96,2,549.02919
392,192,5,200.669853
393,113,1,163.643691
394,337,1,858.55363
395,443,1,269.912868
396,496,3,40.306574
397,377,5,281.866563
398,403,1,1699.084429
399,442,1,1012.338458
400,472,1,438.027403
401,399,1,978.884434
402,464,1,1189.802855
403,485,1,1687.762644
404,432,2,657.058589
405,382,1,2082.293849
406,229,3,103.070281
407,282,1,1296.891097
408,428,1,1344.96572
409,217,5,58.260716
410,311,1,714.73955
411,438,1,48.390181
412,125,5,1719.229461
413,301,5,218.838314
414,37,1,1161.839517
415,256,2,596.803141
416,481,1,1285.102159
417,9,1,1180.165201
418,219,1,487.812984
419,69,3,60.402897
420,134,2,33.956434
421,342,3,273.7324
422,260,3,246.522939
423,164,1,2060.414502
424,119,1,516.153879
425,529,1,311.646149
426,420,2,290.640654
427,506,2,486.84438
428,490,2,2163.301149
429,470,1,120.224457
430,144,1,406.014714
431,458,1,1750.216407
432,109,1,3116.861355
433,509,2,1185.49052
434,244,1,301.236879
435,515,2,979.550473
436,184,1,361.447127
437,491,1,2348.695676
438,407,2,453.503947
439,42,1,234.344712
440,143,3,507.992927
441,92,1,2185.10709
442,487,1,321.980951
443,406,2,370.892503
444,415,1,443.867087
445,135,4,90.235113
446,105,2,903.220328
447,230,2,763.428789
448,338,2,251.887903
449,359,3,365.216416
450,265,2,686.554188
451,21,1,1373.63652
452,112,1,1078.814361
453,168,1,1481.306515
454,123,1,3069.830226
455,145,1,542.27352
456,277,2,1737.991553
457,12,1,950.569414
458,212,1,1294.691394
459,33,2,1141.965999
460,505,1,1577.692975
461,88,4,3078.871586
462,234,4,1492.915205
463,146,1,259.996061
464,151,1,1229.679559
465,390,1,2887.020557
466,495,7,207.931854
467,449,1,295.189505
468,172,4,1490.674339
469,518,1,541.066957
470,508,7,1020.383936
471,296,1,506.3654
472,77,1,415.337206
473,236,4,70.79816
474,141,1,1365.381642
475,8,1,1549.449946
476,325,1,1822.725094
477,197,2,1053.581677
478,465,2,1123.911184
479,157,1,55.403528
480,290,2,591.005759
481,516,1,399.969932
482,283,2,900.402558
483,530,1,167.718032
484,75,1,1680.051279
485,152,1,1694.905066
486,254,1,1894.190637
487,155,1,88.736353
488,281,2,1012.966755
489,36,1,798.571982
490,90,1,1698.374568
491,129,1,327.262232
492,161,1,720.64624
493,524,1,1665.840943
494,162,1,1911.468961
495,226,1,193.217351
496,95,1,398.409138
497,385,1,470.168856
498,513,3,253.460307
499,195,1,1358.183444
500,327,2,94.262682
501,486,1,1029.583502
502,23,1,2216.784282
503,511,3,798.255118
504,156,1,2826.326711
505,318,3,608.233318
506,86,2,1726.633519
507,49,1,2233.426489
508,189,1,110.737286
509,124,1,1976.550819
510,437,1,92.019527
511,493,1,305.423871
512,418,1,1816.2327
513,484,1,328.183627
514,397,3,199.43458
515,24,1,1417.09546
516,376,1,150.791678
517,190,1,1057.182908
518,386,1,280.591037
519,201,1,1163.208985
520,106,1,1640.80122
521,268,2,206.397672
522,276,2,170.449998
523,227,3,638.996845
524,237,1,597.241111
525,183,3,535.277123
526,295,3,1904.141937
527,43,1,139.661328
528,355,1,2544.600039
529,131,3,551.284895
530,271,1,1781.752671
531,425,1,1317.576042
532,533,1,96.592856
533,742,1,481.274081
534,1045,1,183.449629
535,538,1,1334.692916
536,537,1,1733.526479
537,1051,1,1384.427153
538,553,2,45.652312
539,695,2,812.58381
540,781,3,529.0279
541,905,1,99.506353
542,952,1,1228.539167
543,613,1,720.873699
544,785,2,965.108342
545,759,1,520.708115
546,833,1,1572.457044
547,561,4,728.933146
548,874,2,160.126702
549,558,4,1925.707672
550,929,3,662.552192
551,1049,3,212.532208
552,879,1,1708.647895
553,719,1,940.552775
554,603,1,1334.30163
555,944,1,1550.635143
556,774,1,2875.531407
557,624,1,2625.094654
558,808,1,479.693052
559,1019,1,288.068745
560,911,3,643.074882
561,680,1,2250.742192
562,597,1,463.248303
563,806,1,1153.284066
564,792,4,518.080111
565,878,1,1287.129267
566,926,1,2258.519222
567,546,2,1591.004453
568,934,4,1654.441561
569,691,1,809.621309
570,588,1,1880.772175
571,821,3,1169.759241
572,1034,4,339.580113
573,807,4,353.361829
574,921,4,1340.562488
575,877,4,1245.793433
576,736,1,2090.842624
577,657,1,520.909074
578,805,2,2148.057517
579,889,1,1714.400212
580,690,1,1888.772053
581,965,4,222.327911
582,870,3,397.902286
583,725,1,297.928619
584,576,4,688.924776
585,995,2,657.238948
586,565,1,1078.786568
587,649,3,947.011071
588,1030,1,368.881419
589,570,1,777.420282
590,621,1,1265.964107
591,993,1,594.216818
592,640,2,116.781417
593,834,2,95.600123
594,1032,1,845.995015
595,1050,1,820.396913
596,956,1,1316.432334
597,968,1,1893.450517
598,723,2,491.810155
599,631,1,18.216387
600,1033,3,706.119872
601,869,1,2186.564312
602,1025,1,248.66503
603,953,2,809.803816
604,948,3,898.721175
605,914,1,415.062514
606,659,3,133.690531
607,1011,1,1099.479586
608,609,1,663.855643
609,784,1,716.891662
610,658,5,344.011648
611,1028,1,660.035933
612,554,1,293.513244
613,744,1,768.658937
614,734,1,253.845286
615,534,1,915.665246
616,629,1,1525.032606
617,900,1,1677.370676
618,1047,1,899.698782
619,720,1,387.139253
620,836,1,1894.361492
621,763,1,281.247734
622,779,3,773.287941
623,560,1,76.419616
624,887,2,896.376894
625,768,1,2077.820542
626,620,1,831.109771
627,1041,1,367.841119
628,895,1,187.519592
629,752,2,460.607103
630,600,1,2042.492611
631,826,2,1024.19759
632,996,7,245.630128
633,865,2,332.166661
634,685,1,1096.618466
635,945,1,1750.366083
636,1031,7,725.651179
637,726,1,310.225024
638,1021,7,718.890151
639,782,1,1172.665575
640,831,1,129.929377
641,871,2,718.649743
642,992,2,396.614122
643,698,5,1473.272947
644,647,2,109.279091
645,757,3,520.991188
646,673,3,1018.376272
647,760,2,883.162814
648,772,1,2112.241101
649,641,3,783.632356
650,563,2,1384.968395
651,1017,1,1581.869445
652,845,2,1704.39225
653,645,1,1592.333756
654,532,1,2307.14312
655,651,1,273.124548
656,661,1,1427.123757
657,847,3,1758.41288
658,571,1,1727.122632
659,755,1,1397.144956
660,712,1,388.981273
661,626,1,2220.213519
662,908,2,83.368299
663,998,2,258.532163
664,1003,2,601.801021
665,666,1,924.842422
666,1038,1,559.983021
667,610,2,69.02118
668,697,1,459.931952
669,795,3,110.824334
670,1024,1,877.337865
671,971,4,138.166529
672,832,2,822.753933
673,1001,1,134.830013
674,927,4,632.707725
675,903,1,294.553293
676,633,3,1085.93382
677,841,3,590.830168
678,837,1,1231.555405
679,888,3,84.706364
680,902,1,1119.289578
681,535,1,1290.747192
682,564,1,502.339524
683,970,1,428.195591
684,797,1,1759.667708
685,1029,1,1077.45311
686,590,2,323.009595
687,954,2,889.103328
688,545,1,1074.503025
689,567,1,2034.460831
690,758,1,378.479423
691,791,2,1794.681044
692,1026,2,1717.364291
693,910,1,974.834468
694,756,3,932.361249
695,899,3,627.135591
696,615,1,856.276517
697,778,1,416.831523
698,1014,1,917.616624
699,775,1,1148.080191
700,920,2,598.55361
701,747,1,1197.101755
702,811,1,1662.215168
703,924,1,1604.86058
704,668,1,2080.370529
705,978,2,744.668403
706,838,2,519.307855
707,586,1,355.921453
708,813,1,194.697754
709,1046,1,941.264601
710,628,1,1423.047553
711,840,1,328.162897
712,997,1,709.92844
713,858,1,1185.786076
714,616,1,963.201674
715,843,1,352.638462
716,552,1,1515.33532
717,1022,1,606.570295
718,687,3,569.555831
719,581,2,494.84171
720,922,1,1837.767833
721,1042,2,126.556857
722,770,5,1612.01816
723,950,1,61.944904
724,901,5,154.122437
725,886,2,506.638995
726,684,3,1555.236808
727,748,3,915.423359
728,550,4,350.954279
729,943,5,713.50425
730,675,3,187.168324
731,702,1,1261.921898
732,789,3,1722.593654
733,816,2,14.623112
734,739,1,827.854712
735,868,2,1381.04839
736,882,1,557.798599
737,730,1,1915.141264
738,556,1,1910.148
739,1006,1,1276.153923
740,608,1,503.632943
741,994,2,133.047284
742,662,2,1280.502841
743,880,1,1715.690171
744,893,1,488.111276
745,1013,1,1059.930356
746,947,2,870.925906
747,876,1,1259.350591
748,912,1,585.922267
749,612,1,1408.342645
750,867,1,311.753668
751,654,1,494.561205
752,669,3,1143.6466
753,855,1,1167.747486
754,735,1,1271.426146
755,823,1,1391.978496
756,883,1,1493.706444
757,798,1,470.38221
758,850,1,347.546996
759,574,1,959.820841
760,973,2,817.814159
761,851,5,400.147615
762,1037,3,1736.063469
763,566,2,1447.143566
764,683,1,311.203732
765,919,2,732.708262
766,738,1,75.04692
767,815,3,700.302823
768,676,1,1354.076803
769,614,2,295.893211
770,999,3,837.782719
771,846,1,2019.027547
772,873,1,1446.814412
773,885,1,642.234282
774,547,4,746.703929
775,1010,5,1279.190495
776,652,2,905.965396
777,718,2,912.017925
778,710,4,233.851308
779,593,2,1666.851609
780,667,1,356.372063
781,709,1,1580.525729
782,732,1,1076.874659
783,937,2,26.03183
784,991,1,1741.479924
785,1015,1,1346.280554
786,568,1,1006.780237
787,935,1,1772.636882
788,804,1,1742.455543
789,555,2,845.960386
790,917,1,1469.74742
791,660,1,1418.118028
792,783,3,356.231936
793,809,1,2245.897497
794,975,1,6.08215
795,587,1,2209.112348
796,648,2,590.075344
797,1023,1,1862.254556
798,796,1,1844.95112
799,543,2,407.928538
800,977,2,1266.795162
801,818,1,1790.425177
802,828,1,2590.335502
803,644,1,1282.784542
804,715,2,1591.613541
805,960,3,48.174124
806,618,1,810.883687
807,665,1,482.935809
808,729,1,652.512488
809,625,1,1532.823715
810,940,3,1948.016259
811,1039,1,2516.196179
812,939,1,650.908544
813,579,1,1335.163652
814,585,3,737.191939
815,949,1,584.784303
816,604,1,399.495901
817,802,1,1423.600329
818,969,1,987.690144
819,746,1,1256.894963
820,656,1,1717.024876
821,931,2,1559.00335
822,959,1,1683.414101
823,674,1,17.640054
824,767,1,1264.344533
825,584,1,381.829574
826,875,1,452.787029
827,762,3,60.415051
828,1012,2,9.161611
829,721,1,790.015659
830,619,1,443.782908
831,907,1,1389.925376
832,611,1,2034.116379
833,906,1,1845.633116
834,1035,1,1554.455675
835,819,1,1161.172966
836,898,3,648.121279
837,864,2,321.552174
838,706,3,432.938507
839,716,3,967.84924
840,724,1,1428.649422
841,703,4,291.458077
842,717,2,1160.392293
843,1036,2,1584.409936
844,541,2,1752.209464
845,592,1,2132.317468
846,728,1,443.536697
847,988,1,295.795393
848,951,1,1240.863968
849,606,1,1611.167411
850,1027,1,635.592245
851,583,1,953.939001
852,890,1,1626.298567
853,636,1,641.98781
854,1000,1,843.806846
855,727,1,1143.619585
856,689,3,1539.364691
857,682,1,697.64698
858,946,1,1661.01687
859,740,1,8.623456
860,741,1,1015.694108
861,745,1,467.65797
862,578,1,327.985291
863,860,1,1504.817317
864,788,1,91.957049
865,861,1,422.956754
866,573,1,1997.102776
867,663,1,1166.540141
868,786,6,630.338344
869,749,1,1777.034406
870,638,1,1479.374004
871,842,1,20.262053
872,928,5,790.63766
873,627,1,370.124818
874,678,2,511.335383
875,617,1,333.32598
876,958,1,1457.760118
877,930,3,255.249792
878,932,5,1509.551225
879,866,1,911.373808
880,933,1,459.40195
881,692,2,869.27497
882,639,2,1257.290645
883,562,1,316.441107
884,722,1,1536.343192
885,1044,1,192.749023
886,693,1,30.629537
887,962,2,1505.513838
888,705,3,187.034456
889,623,1,448.03125
890,793,1,1021.545731
891,630,1,1552.683262
892,854,1,2283.831829
893,634,2,196.562398
894,824,1,3260.449307
895,686,1,2005.881797
896,595,2,195.250177
897,599,2,189.957721
898,849,1,669.643814
899,701,1,760.188738
900,817,3,696.138286
901,985,1,898.824081
902,714,1,594.741323
903,814,2,782.154173
904,591,1,2143.186414
905,972,1,789.053
906,605,1,1525.658496
907,696,1,650.729636
908,852,1,1456.279031
909,896,1,111.083907
910,825,2,367.882982
911,1020,2,969.89618
912,839,1,2818.993659
913,559,1,1913.499452
914,822,1,718.049867
915,801,1,562.035844
916,982,1,569.640982
917,670,1,859.698199
918,1007,1,361.912662
919,776,1,1490.370065
920,936,1,823.543767
921,830,1,820.533961
922,925,1,2699.763057
923,984,1,1537.603806
924,820,2,1589.918511
925,986,2,613.485089
926,777,1,289.28994
927,750,1,274.748229
928,580,1,1148.378617
929,643,1,701.990673
930,761,1,2128.324034
931,989,1,191.908744
932,557,1,2131.97069
933,542,4,456.265948
934,582,1,2079.541665
935,753,2,308.458095
936,955,1,857.002733
937,572,1,1729.89544
938,891,1,2117.239416
939,551,1,661.4889
940,856,1,837.528379
941,881,1,1376.202426
942,704,1,217.044945
943,884,1,1136.531744
944,677,1,1141.096595
945,655,1,534.212245
946,857,4,1174.943818
947,737,1,180.860303
948,918,1,1498.753121
949,688,1,511.948739
950,733,5,1471.679048
951,713,2,861.697035
952,976,1,969.716607
953,635,1,2250.264329
954,607,1,768.690398
955,650,1,1415.45664
956,966,3,984.600875
957,602,3,380.64883
958,859,1,303.61005
959,637,1,58.331408
960,938,3,659.280897
961,594,1,1400.849656
962,872,1,336.694745
963,829,1,75.786294
964,835,1,1198.957785
965,672,1,754.473564
966,990,1,866.804401
967,979,7,1202.825679
968,707,4,430.929979
969,743,1,1048.433701
970,892,4,121.250629
971,536,1,1364.953354
972,1009,1,1358.597166
973,799,1,385.869605
974,771,4,432.512179
975,679,1,52.290854
976,1052,1,2477.978325
977,897,1,1987.177032
978,942,3,308.40252
979,708,1,1199.708394
980,967,2,703.949535
981,1043,2,574.752685
982,751,1,824.597018
983,773,1,1479.226636
984,577,2,157.075429
985,699,2,122.76465
986,754,1,68.885114
987,1002,2,58.201783
988,983,2,1032.247657
989,827,1,784.755824
990,622,1,1987.398955
991,974,1,1590.680446
992,544,1,1699.61601
993,681,3,1115.70192
994,1008,2,2012.584412
995,540,1,159.903307
996,646,1,1228.11368
997,961,2,1074.219404
998,653,1,2170.265468
999,589,1,1667.005656
1000,987,1,1804.14157
1001,1005,1,698.882414
1002,964,2,48.84837
1003,1004,1,1205.673711
1004,598,1,412.416497
1005,894,1,165.4378
1006,1040,1,417.998355
1007,731,2,385.971739
1008,980,1,62.83542
1009,632,2,546.027142
1010,1016,1,128.215738
1011,664,7,673.900291
1012,909,2,1188.926111
1013,711,1,1325.32871
1014,853,1,1582.153403
1015,596,1,1285.856074
1016,765,2,265.534892
1017,848,1,834.47667
1018,764,1,934.848258
1019,923,1,1193.951896
1020,913,1,927.456857
1021,981,1,2239.195706
1022,810,1,879.067692
1023,539,1,45.99804
1024,700,3,1983.192337
1025,601,1,1400.255536
1026,844,1,554.0797
1027,790,1,1145.664391
1028,787,2,301.973985
1029,1048,1,789.392913
1030,904,1,1924.275532
1031,863,1,2480.263187
1032,769,1,29.41158
1033,780,3,907.783999
1034,548,1,514.685329
1035,812,2,40.907525
1036,694,1,572.10632
1037,803,1,31.295218
1038,963,1,568.66438
1039,671,1,1334.584815
1040,642,1,2221.263499
1041,794,1,1287.934469
1042,575,1,49.339369
1043,957,3,1266.47174
1044,1018,2,73.554714
1045,800,2,550.380664
1046,941,1,597.702162
1047,569,1,836.207239
1048,862,1,589.848103
1049,549,4,2406.785993
1050,916,1,285.601373
1051,766,1,1788.203318
1052,915,1,72.783054
1053,1323,1,671.396868
1054,1325,2,371.956562
1055,1282,1,3061.714806
1056,1246,1,244.423643
1057,1110,1,349.845398
1058,1377,1,275.478157
1059,1479,1,642.507768
1060,1185,1,2539.060052
1061,1227,1,90.013009
1062,1478,1,1106.38384
1063,1406,1,777.285413
1064,1360,2,110.918635
1065,1399,1,1708.697937
1066,1056,2,2157.356632
1067,1105,1,102.968063
1068,1108,1,54.345449
1069,1288,1,1127.744118
1070,1240,1,555.111654
1071,1537,1,2259.324446
1072,1569,3,288.924446
1073,1264,2,598.529729
1074,1263,4,1114.178042
1075,1090,1,531.314514
1076,1208,1,1292.455973
1077,1456,2,296.833033
1078,1515,1,569.239287
1079,1284,1,273.247653
1080,1247,2,832.438755
1081,1520,2,1498.70232
1082,1197,1,1755.104605
1083,1241,1,1906.466591
1084,1314,2,61.426506
1085,1528,3,2023.517228
1086,1329,1,2541.357118
1087,1386,1,1139.394961
1088,1177,1,1270.861737
1089,1524,4,1389.786737
1090,1571,1,1891.511342
1091,1138,1,1706.744776
1092,1152,1,2250.138665
1093,1071,1,796.759898
1094,1310,1,308.041014
1095,1256,1,443.724249
1096,1510,1,600.298213
1097,1525,1,1829.271949
1098,1188,1,285.913332
1099,1285,2,313.580532
1100,1203,1,715.275324
1101,1428,1,2082.239431
1102,1120,1,2095.472372
1103,1547,2,421.815884
1104,1436,1,1506.978961
1105,1214,1,1586.705829
1106,1058,3,827.596072
1107,1131,4,1459.370241
1108,1513,3,1745.794482
1109,1557,1,1391.05637
1110,1521,2,1144.082195
1111,1276,1,994.643
1112,1442,1,584.5847
1113,1295,1,617.356025
1114,1411,1,1116.684228
1115,1313,3,609.313537
1116,1480,1,2263.531062
1117,1243,1,925.156662
1118,1342,1,132.435215
1119,1352,1,48.037443
1120,1319,1,765.313689
1121,1094,2,361.453816
1122,1580,2,533.239417
1123,1136,1,1890.191879
1124,1309,1,2730.40869
1125,1245,2,1089.556713
1126,1210,1,988.511126
1127,1371,2,598.588689
1128,1443,1,1727.056865
1129,1503,2,469.741544
1130,1234,1,232.364775
1131,1063,2,2069.262481
1132,1251,1,488.906032
1133,1562,1,994.712799
1134,1093,4,694.548992
1135,1162,1,1924.04723
1136,1175,1,204.381099
1137,1408,1,1209.697308
1138,1532,1,28.375548
1139,1089,3,422.44335
1140,1279,1,1947.421103
1141,1350,1,960.977153
1142,1137,1,505.089307
1143,1253,1,1924.241622
1144,1132,3,567.933193
1145,1081,4,332.558987
1146,1556,1,877.698155
1147,1290,2,339.720421
1148,1493,2,530.913603
1149,1402,1,49.475374
1150,1084,1,907.931341
1151,1301,1,1774.259899
1152,1568,5,976.796932
1153,1070,1,48.672239
1154,1472,1,1958.329978
1155,1346,1,1934.917662
1156,1474,3,1864.613408
1157,1497,2,1078.371463
1158,1365,1,1543.352404
1159,1355,1,927.078654
1160,1174,2,192.671433
1161,1117,1,875.263423
1162,1259,1,1564.567771
1163,1544,1,281.440943
1164,1225,1,231.608209
1165,1244,1,1313.040055
1166,1566,1,48.51034
1167,1550,4,2151.261802
1168,1257,1,259.553748
1169,1173,1,15.021993
1170,1139,2,1896.740909
1171,1218,1,1691.651132
1172,1180,1,2574.945349
1173,1239,1,1051.25314
1174,1430,1,2522.855481
1175,1575,2,1481.904558
1176,1160,1,101.45171
1177,1167,7,1336.788422
1178,1466,5,1787.215186
1179,1372,1,1895.677704
1180,1054,1,500.821248
1181,1374,1,2022.759536
1182,1467,2,1931.969955
1183,1378,1,1456.558815
1184,1423,1,1114.786199
1185,1153,1,883.705735
1186,1231,1,542.484365
1187,1542,1,1155.549107
1188,1440,2,857.503919
1189,1563,2,146.236926
1190,1432,3,1414.707341
1191,1348,1,1783.423039
1192,1468,1,476.688421
1193,1248,1,256.398106
1194,1539,1,2574.736061
1195,1463,1,1765.44418
1196,1485,2,507.420682
1197,1429,2,648.13349
1198,1096,1,888.134878
1199,1127,1,862.582767
1200,1333,2,773.703519
1201,1106,1,113.651746
1202,1395,1,1209.428079
1203,1122,1,1373.373666
1204,1583,1,144.25906
1205,1447,1,948.994832
1206,1336,2,253.453917
1207,1165,1,1017.072788
1208,1330,1,688.092947
1209,1206,1,937.001009
1210,1584,1,883.854019
1211,1298,1,1102.975184
1212,1486,1,943.446643
1213,1307,1,2240.703461
1214,1158,2,858.140218
1215,1579,1,1088.210658
1216,1100,2,69.238907
1217,1324,1,537.498935
1218,1502,1,1583.12852
1219,1551,1,1093.643037
1220,1338,2,238.641609
1221,1226,1,1549.407537
1222,1078,1,2248.812078
1223,1455,1,1533.299661
1224,1268,1,1063.950847
1225,1217,1,119.53627
1226,1405,3,298.22314
1227,1121,1,1487.257331
1228,1097,1,2123.081162
1229,1437,1,2080.194579
1230,1586,1,127.626169
1231,1099,1,2184.286025
1232,1103,1,2049.084861
1233,1237,1,579.849752
1234,1549,1,507.482861
1235,1451,1,281.931545
1236,1130,1,892.468964
1237,1228,1,1141.601392
1238,1161,3,660.532828
1239,1112,1,2098.040064
1240,1073,3,604.19125
1241,1088,3,657.993732
1242,1327,3,735.557196
1243,1192,4,953.650389
1244,1141,1,296.032981
1245,1066,1,1008.745856
1246,1334,4,1183.566158
1247,1438,1,611.85095
1248,1581,1,768.160231
1249,1425,1,1011.744825
1250,1526,1,1854.722895
1251,1419,1,361.090568
1252,1459,1,2839.767416
1253,1163,1,1459.497022
1254,1200,1,55.772523
1255,1364,1,2141.000906
1256,1262,4,470.598845
1257,1286,1,727.865505
1258,1507,3,204.427893
1259,1465,1,1058.415931
1260,1219,2,1124.994707
1261,1222,4,963.510778
1262,1358,1,1006.164589
1263,1144,1,217.113585
1264,1505,1,1449.383744
1265,1118,1,245.575159
1266,1471,1,1547.346003
1267,1519,1,522.197794
1268,1414,1,251.219821
1269,1536,1,1406.273111
1270,1511,1,1365.351702
1271,1293,1,750.740214
1272,1488,1,4.830521
1273,1326,1,1696.602947
1274,1384,1,660.460724
1275,1154,3,2152.683652
1276,1487,3,314.11643
1277,1053,1,940.063461
1278,1311,1,315.317359
1279,1087,1,1854.841539
1280,1065,1,1714.117272
1281,1453,1,910.705079
1282,1491,1,325.818997
1283,1109,1,311.840899
1284,1506,1,2491.979086
1285,1499,1,704.980682
1286,1091,1,2203.019526
1287,1573,5,107.244374
1288,1304,3,1802.253468
1289,1171,5,1998.182828
1290,1413,1,695.814717
1291,1409,1,2322.560392
1292,1157,1,107.453409
1293,1205,1,259.789751
1294,1280,1,840.31635
1295,1367,1,2078.453632
1296,1101,1,936.564585
1297,1464,1,886.275055
1298,1267,2,369.503416
1299,1574,2,116.646784
1300,1416,1,2021.46255
1301,1373,1,807.311134
1302,1475,1,560.117449
1303,1376,1,1367.466851
1304,1142,1,488.311249
1305,1278,4,56.919923
1306,1085,2,1851.328314
1307,1531,4,48.445801
1308,1164,1,1195.673038
1309,1382,1,1012.171542
1310,1125,1,553.680978
1311,1155,1,1787.486774
1312,1261,1,177.557518
1313,1133,1,1604.219626
1314,1242,1,1124.211668
1315,1198,1,1290.885124
1316,1353,2,444.318592
1317,1393,2,912.921954
1318,1150,1,1407.862178
1319,1294,2,841.181515
1320,1169,1,1414.528843
1321,1213,5,682.021749
1322,1381,1,1872.877884
1323,1344,1,158.649394
1324,1320,1,1453.459239
1325,1289,1,808.245868
1326,1113,1,3063.61431
1327,1359,1,1779.833571
1328,1216,2,465.874031
1329,1321,3,1816.859307
1330,1312,2,1499.312978
1331,1422,1,3.277893
1332,1508,1,1610.191818
1333,1328,3,71.431093
1334,1076,1,954.797386
1335,1252,1,2081.018236
1336,1236,1,44.089837
1337,1255,1,37.636696
1338,1275,1,1147.37967
1339,1114,2,234.257108
1340,1302,1,861.090968
1341,1193,1,669.194234
1342,1512,1,1200.150066
1343,1469,2,73.805105
1344,1441,1,1921.304868
1345,1168,3,297.262461
1346,1577,1,1142.911669
1347,1166,1,368.039879
1348,1183,1,730.90209
1349,1182,1,1863.388814
1350,1287,1,1629.175037
1351,1147,2,132.931258
1352,1134,1,2426.89692
1353,1509,1,84.678453
1354,1315,2,392.922455
1355,1238,1,529.703175
1356,1567,2,302.047087
1357,1223,1,762.697781
1358,1397,1,146.440894
1359,1375,2,1498.598907
1360,1296,1,1007.159636
1361,1332,1,681.054809
1362,1187,6,280.14825
1363,1461,2,808.538548
1364,1444,1,906.123694
1365,1361,2,1715.879658
1366,1417,1,1181.110428
1367,1449,1,355.783916
1368,1061,2,1323.578169
1369,1230,1,53.853264
1370,1400,1,645.572053
1371,1561,2,389.983111
1372,1548,4,1535.351973
1373,1224,1,1154.212682
1374,1277,1,288.394964
1375,1517,1,1619.68614
1376,1086,1,169.01331
1377,1564,2,14.66274
1378,1297,3,82.32394
1379,1080,1,217.976178
1380,1292,3,1588.192874
1381,1303,3,541.372349
1382,1299,1,246.567708
1383,1322,1,360.425332
1384,1410,1,702.26908
1385,1543,2,173.135175
1386,1082,1,402.390083
1387,1123,1,1460.907056
1388,1552,4,682.305288
1389,1145,1,1591.706208
1390,1421,2,1369.449507
1391,1300,4,291.658427
1392,1362,2,323.092062
1393,1272,1,424.647179
1394,1074,5,158.891096
1395,1576,1,196.490444
1396,1146,1,683.924677
1397,1212,1,1098.343551
1398,1149,1,509.300849
1399,1060,2,217.759806
1400,1427,1,1579.188935
1401,1366,1,2332.153351
1402,1196,1,1950.012424
1403,1172,4,701.802786
1404,1107,1,2434.764619
1405,1356,1,459.086242
1406,1392,1,336.009529
1407,1578,1,1088.626751
1408,1389,1,904.412741
1409,1135,1,988.375141
1410,1435,2,77.459307
1411,1415,3,1137.840225
1412,1250,1,946.413651
1413,1156,1,685.275101
1414,1534,3,378.027843
1415,1473,1,1724.362538
1416,1140,2,751.390964
1417,1385,1,1043.47672
1418,1211,1,588.116411
1419,1317,2,577.35688
1420,1379,1,382.573003
1421,1347,1,1306.684951
1422,1522,1,2437.995151
1423,1387,2,1855.819872
1424,1390,1,583.516747
1425,1538,1,1074.053876
1426,1220,1,2087.943886
1427,1450,1,122.997185
1428,1186,2,1319.501332
1429,1064,1,1338.180631
1430,1215,2,402.629894
1431,1184,2,1080.899917
1432,1565,1,1810.669211
1433,1258,1,1476.342279
1434,1331,3,1365.069966
1435,1159,2,1374.535867
1436,1545,1,2272.444103
1437,1530,1,924.269916
1438,1383,1,2025.619506
1439,1560,1,509.028594
1440,1178,3,168.168779
1441,1151,1,1251.72395
1442,1572,2,2150.225581
1443,1098,2,32.155559
1444,1420,2,694.492986
1445,1492,1,185.221026
1446,1128,2,1102.760534
1447,1068,3,36.401154
1448,1546,1,346.255503
1449,1306,1,277.037018
1450,1541,2,742.265013
1451,1477,1,3609.11397
1452,1062,1,515.611041
1453,1433,1,1811.492114
1454,1370,1,1143.733084
1455,1445,2,532.139051
1456,1431,1,1080.363742
1457,1190,1,80.391729
1458,1495,1,1386.874719
1459,1394,1,1408.457663
1460,1202,1,1280.596189
1461,1470,1,1478.006823
1462,1271,1,2689.80889
1463,1126,3,662.666462
1464,1369,1,2011.720949
1465,1281,1,2891.705402
1466,1340,1,1508.961945
1467,1457,1,83.802026
1468,1116,2,740.562162
1469,1523,1,1415.485721
1470,1266,1,1716.953507
1471,1514,3,1325.648948
1472,1095,1,240.60908
1473,1291,1,656.615017
1474,1496,4,5766.619821
1475,1233,2,1723.271914
1476,1345,1,439.83967
1477,1458,3,265.624378
1478,1104,1,69.180967
1479,1111,1,1964.057474
1480,1194,1,702.472389
1481,1504,5,342.375038
1482,1189,2,257.013322
1483,1501,2,738.16418
1484,1305,1,303.491766
1485,1067,1,935.646657
1486,1269,5,358.388702
1487,1176,1,2378.182509
1488,1354,4,685.747127
1489,1308,1,2404.453786
1490,1232,7,417.319908
1491,1368,4,106.761955
1492,1260,1,708.754369
1493,1363,1,698.947973
1494,1490,1,2776.549379
1495,1318,1,356.819066
1496,1418,1,921.711165
1497,1403,1,526.409662
1498,1349,5,36.926257
1499,1454,1,1001.672229
1500,1446,4,1457.091703
1501,1558,1,324.842904
1502,1500,1,251.342472
1503,1540,1,671.906637
1504,1129,1,887.161193
1505,1335,2,465.836078
1506,1555,1,680.098482
1507,1396,1,1968.586168
1508,1283,3,866.08213
1509,1484,1,1341.222923
1510,1339,1,226.885652
1511,1316,1,1034.062897
1512,1055,2,2006.330643
1513,1434,1,512.800795
1514,1391,1,1722.384236
1515,1357,2,413.318144
1516,1075,1,789.460071
1517,1553,1,611.79047
1518,1351,1,504.632994
1519,1462,1,1605.531792
1520,1204,1,25.416707
1521,1199,1,390.261094
1522,1407,1,832.845224
1523,1170,1,519.311144
1524,1209,3,601.489486
1525,1452,1,16.947408
1526,1270,1,1130.134106
1527,1516,3,134.680589
1528,1582,1,715.642602
1529,1404,1,969.114105
1530,1476,1,1816.653464
1531,1482,1,114.058259
1532,1254,2,1389.000629
1533,1181,1,529.351634
1534,1143,1,2542.75605
1535,1148,1,1249.861688
1536,1388,1,1008.345073
1537,1092,2,54.046964
1538,1439,1,1209.459931
1539,1498,1,165.509627
1540,1059,1,460.202531
1541,1448,1,1643.801328
1542,1343,1,1765.442679
1543,1341,3,1464.622455
1544,1489,1,228.393596
1545,1201,2,347.485591
1546,1424,1,67.049964
1547,1529,1,1169.21791
1548,1115,1,1668.349251
1549,1265,1,409.555325
1550,1057,2,1475.514631
1551,1072,2,123.830097
1552,1235,1,748.33598
1553,1179,1,1452.996377
1554,1337,3,746.414757
1555,1481,1,900.943691
1556,1273,1,127.946572
1557,1195,3,169.939797
1558,1401,1,350.651287
1559,1191,1,1532.130326
1560,1274,1,375.057632
1561,1380,1,1998.404903
1562,1559,3,208.786066
1563,1079,3,336.074852
1564,1221,3,26.996205
1565,1527,1,1228.806932
1566,1124,2,55.726658
1567,1102,1,754.205861
1568,1426,1,1603.395275
1569,1412,3,1067.637585
1570,1518,3,299.219607
1571,1398,1,1123.907158
1572,1077,2,1867.535207
1573,1570,2,1367.831617
1574,1533,1,2071.130201
1575,1249,1,1026.905444
1576,1494,2,1202.641002
1577,1229,1,1873.291379
1578,1460,1,1237.937689
1579,1535,1,556.910208
1580,1083,2,307.77609
1581,1554,2,981.50771
1582,1207,2,300.440714
1583,1483,1,976.4475
1584,1119,2,1151.943397
1585,1069,1,1184.555004
1586,1585,2,1053.312274
1587,1733,1,727.332026
1588,1951,1,383.387706
1589,1661,1,134.271282
1590,1842,1,117.092363
1591,2072,1,902.912926
1592,1649,1,1276.299973
1593,1718,1,1894.110941
1594,1976,1,1580.878811
1595,1781,1,1005.783991
1596,1984,1,2019.605693
1597,2074,1,1522.685673
1598,1655,3,1889.019985
1599,1816,1,1458.285496
1600,1787,2,1313.460883
1601,2033,2,976.676166
1602,1786,1,598.570011
1603,1919,1,2340.429061
1604,1730,2,162.085819
1605,1624,2,1141.554381
1606,1760,1,1924.711756
1607,2099,4,148.753162
1608,1945,4,70.27889
1609,1708,3,1279.120202
1610,1596,1,1961.072114
1611,2023,1,660.537464
1612,1679,1,1804.523532
1613,1789,3,669.914502
1614,2027,3,148.887961
1615,1758,1,1370.303653
1616,1926,2,1003.013643
1617,1859,3,979.016116
1618,1713,1,1483.797988
1619,1703,3,962.488994
1620,1600,1,517.809741
1621,1681,3,209.527112
1622,1687,1,1607.461999
1623,1618,1,507.149397
1624,1811,1,1631.997855
1625,1967,2,7.677773
1626,1726,2,510.652323
1627,2075,3,228.127994
1628,1742,2,115.586606
1629,1736,3,1478.782651
1630,1938,1,31.355508
1631,1994,2,2799.743715
1632,1834,3,1166.268681
1633,1717,2,1539.270001
1634,2073,1,764.394391
1635,2036,4,1888.76934
1636,1800,1,1671.178993
1637,1863,1,2017.941925
1638,1830,2,357.223693
1639,2058,1,1084.912933
1640,1878,3,1268.194785
1641,1900,1,953.549696
1642,2067,3,337.38636
1643,1902,1,2252.869428
1644,2030,1,666.787868
1645,2031,1,778.934939
1646,1920,1,1615.758599
1647,1815,3,18.167975
1648,1849,2,1023.317457
1649,1785,5,28.429265
1650,1917,1,1010.502741
1651,2091,2,1442.25471
1652,1700,1,1096.916477
1653,1660,2,130.86503
1654,1824,1,740.847167
1655,2071,1,139.613314
1656,1739,5,1625.600166
1657,1684,1,245.321922
1658,1794,1,2714.386287
1659,1715,1,1022.146561
1660,1944,1,683.693776
1661,1906,1,1862.07311
1662,1647,1,391.639489
1663,1688,1,385.215727
1664,2001,1,1669.697464
1665,1807,1,1848.107842
1666,1783,2,1618.056934
1667,2004,4,910.127026
1668,2034,1,2137.232107
1669,1937,1,909.158519
1670,2069,2,435.286201
1671,1851,1,252.528248
1672,1659,3,1741.08796
1673,1685,1,350.451325
1674,2003,5,540.73175
1675,1877,1,3034.189535
1676,1923,1,1106.367266
1677,1802,1,1780.855459
1678,2057,1,1272.021893
1679,1776,1,1676.692116
1680,1870,2,82.841129
1681,1796,7,241.2309
1682,1832,1,379.859924
1683,1651,1,419.243819
1684,1999,2,884.037943
1685,1765,1,708.560337
1686,1723,1,857.736944
1687,1954,7,848.983492
1688,1910,1,993.456674
1689,1989,1,1069.309925
1690,1757,2,921.121485
1691,2032,5,1311.146035
1692,2093,2,287.305368
1693,1810,1,243.081913
1694,1657,3,5.891999
1695,1959,1,1036.137955
1696,1928,1,392.7566
1697,1653,2,1896.16734
1698,1750,1,1982.316571
1699,1836,1,1915.751211
1700,1678,1,13.136507
1701,2065,1,1129.496571
1702,2011,2,270.218582
1703,1782,5,857.110302
1704,1857,2,31.682182
1705,1806,3,28.366159
1706,1972,1,1838.985023
1707,1748,1,233.571566
1708,1693,2,127.372681
1709,1682,2,44.179715
1710,1790,1,1352.37661
1711,2104,1,1971.07993
1712,1714,1,93.945458
1713,1953,1,2116.853779
1714,1643,1,196.280885
1715,1705,1,301.556346
1716,1771,1,399.57689
1717,1856,1,1848.526418
1718,1606,3,615.443459
1719,1613,1,1275.496503
1720,1626,1,450.957912
1721,1985,2,1093.425357
1722,1875,3,1399.914695
1723,1993,4,929.903122
1724,2070,3,1596.579581
1725,2045,1,1037.322544
1726,1675,1,159.549844
1727,2097,2,296.36329
1728,1676,4,1185.565566
1729,2007,4,431.547446
1730,1634,1,20.763201
1731,1897,1,1237.136945
1732,1927,4,357.550587
1733,1831,3,685.125764
1734,1744,3,1066.243116
1735,1769,1,39.298895
1736,1599,2,409.785201
1737,1625,1,267.653525
1738,1848,1,795.186261
1739,1805,1,241.815995
1740,1762,3,596.686895
1741,1896,1,790.455613
1742,1983,1,1084.988896
1743,1738,1,1894.928465
1744,1957,4,261.084052
1745,2094,3,1410.234911
1746,2042,1,630.81458
1747,1835,4,392.087621
1748,2013,4,845.790445
1749,1855,1,240.514955
1750,1720,3,577.854026
1751,1866,1,1343.71247
1752,2059,1,1344.150302
1753,1850,1,672.947363
1754,1658,1,1248.470197
1755,1747,1,1155.252402
1756,1793,3,1700.666776
1757,1828,1,1004.475679
1758,1990,2,781.002016
1759,1607,3,1226.203404
1760,2026,1,670.472979
1761,1845,1,102.228366
1762,2039,1,387.596319
1763,1597,1,413.945026
1764,1936,1,100.914419
1765,1904,1,1277.826151
1766,1751,3,986.385879
1767,1648,1,1245.936575
1768,2105,1,968.10209
1769,2038,2,1275.856206
1770,1627,4,2361.051413
1771,1986,1,185.283842
1772,2061,2,2299.400884
1773,1943,1,547.239722
1774,2028,1,714.621321
1775,1632,1,376.666136
1776,2047,1,1781.573216
1777,1979,2,633.816756
1778,1890,3,942.587366
1779,1865,2,292.311336
1780,1873,1,847.345343
1781,1821,1,2411.779128
1782,1770,1,402.41299
1783,1991,5,1345.68003
1784,2040,2,860.451303
1785,1839,5,804.454553
1786,2095,1,1525.508141
1787,1916,1,1572.685015
1788,1623,1,341.60942
1789,1755,1,301.658644
1790,1712,4,554.065046
1791,1774,1,2487.639186
1792,1881,1,343.088094
1793,2035,2,310.966192
1794,1837,1,25.739791
1795,1671,2,423.119991
1796,1640,1,1570.473476
1797,1737,1,186.268717
1798,2076,1,2532.664291
1799,1722,1,1012.25236
1800,1977,1,1244.648453
1801,1604,5,257.106911
1802,1909,2,790.642677
1803,1778,1,1535.520668
1804,2078,1,393.503449
1805,2056,2,1113.757885
1806,1844,1,275.240844
1807,1775,1,1396.929452
1808,1616,2,1047.96023
1809,2100,1,663.096002
1810,2055,1,972.047132
1811,1696,2,417.089583
1812,1656,2,636.909173
1813,1908,1,1192.263737
1814,1707,1,61.837243
1815,1874,1,1210.860085
1816,1605,1,2203.635935
1817,1903,1,636.280816
1818,1948,4,1188.285413
1819,1887,1,2603.645669
1820,2015,1,1003.181011
1821,1891,2,943.48819
1822,1915,1,2071.201195
1823,1868,1,1552.56106
1824,2080,1,1263.830276
1825,1932,1,1544.496468
1826,2043,1,1226.3012
1827,2008,1,1105.391631
1828,1905,2,1095.14114
1829,1838,1,665.037064
1830,1840,2,362.720204
1831,1753,1,1438.085539
1832,1966,1,1448.610418
1833,1988,1,2517.418506
1834,1792,1,704.740428
1835,2002,1,1984.71986
1836,1602,1,978.484113
1837,1820,1,1624.23751
1838,2041,1,426.846088
1839,1664,1,1223.219055
1840,1827,2,300.179607
1841,1962,1,542.256322
1842,1665,3,1551.903714
1843,1645,1,424.169473
1844,1631,2,193.198601
1845,1955,1,592.193972
1846,1741,1,509.895516
1847,1667,1,1568.873956
1848,1823,2,41.688092
1849,1759,1,1902.827793
1850,1639,3,284.35854
1851,2009,1,1327.812503
1852,1598,1,773.716748
1853,1886,2,261.101658
1854,2077,1,635.283453
1855,1913,1,615.974343
1856,1784,4,439.771032
1857,1968,1,732.555097
1858,2025,2,49.321268
1859,1911,2,1368.383179
1860,1674,1,501.273646
1861,1922,1,78.832098
1862,1673,1,1070.936498
1863,2103,1,1777.505883
1864,2052,1,1433.695111
1865,1895,1,818.389325
1866,1930,1,156.985502
1867,1749,1,606.780413
1868,1735,1,694.233572
1869,1964,2,433.921057
1870,1588,1,1030.69306
1871,1941,1,1456.765333
1872,1858,3,1162.055335
1873,2087,1,802.008527
1874,1756,1,129.24045
1875,1846,1,312.951277
1876,1867,1,1266.385852
1877,1817,2,528.185621
1878,1764,3,1261.507829
1879,2089,1,30.579518
1880,2083,1,389.685482
1881,1853,3,685.97961
1882,1601,1,365.889407
1883,1702,1,295.574506
1884,1914,2,1117.903277
1885,1885,2,403.705573
1886,1761,1,166.838892
1887,1754,2,27.488602
1888,1734,4,25.234295
1889,1852,1,353.241226
1890,1822,1,991.024493
1891,1847,2,1337.291414
1892,1779,1,2633.040497
1893,1743,2,1311.234998
1894,1798,1,383.28175
1895,1898,1,1362.432341
1896,1698,1,127.401285
1897,1889,1,871.48751
1898,1630,1,795.897224
1899,1767,1,556.587717
1900,1871,1,188.628243
1901,2062,1,1978.39286
1902,1710,1,425.38136
1903,1611,1,1714.963763
1904,1619,1,1492.384321
1905,1894,1,753.032053
1906,1721,1,2226.979603
1907,1925,1,680.607533
1908,1773,4,808.637922
1909,2006,1,85.225093
1910,1725,1,827.082497
1911,1683,2,469.717003
1912,1711,1,861.100723
1913,1901,1,1549.889224
1914,2050,1,1627.862555
1915,1695,1,2004.679967
1916,1862,1,1129.233813
1917,1644,1,1582.48465
1918,1997,1,1449.715653
1919,1883,2,1015.30812
1920,1686,1,1647.94613
1921,1603,1,2322.289703
1922,1971,1,3321.912239
1923,2086,2,1428.548452
1924,1589,5,940.22853
1925,1998,1,993.272334
1926,1929,1,38.594054
1927,1992,2,1254.435585
1928,1621,1,528.689579
1929,1677,1,88.951857
1930,1745,1,1707.027927
1931,1921,1,881.624159
1932,1965,1,207.899397
1933,1594,1,2281.615749
1934,1978,2,2144.928805
1935,1692,4,648.896359
1936,2037,4,264.017845
1937,1732,4,1268.864409
1938,1740,2,190.274698
1939,1662,1,1439.064043
1940,1981,1,1518.571536
1941,2024,1,661.167761
1942,2000,2,2103.150237
1943,1980,1,1321.475347
1944,1801,1,1224.907818
1945,1595,1,249.45757
1946,1666,1,409.875229
1947,1706,3,376.506023
1948,1825,1,1395.430766
1949,1808,1,357.498444
1950,1833,3,30.650619
1951,2019,2,972.635128
1952,1701,1,963.806805
1953,1899,1,2237.838008
1954,2098,1,470.061952
1955,1931,1,1534.42211
1956,2051,2,54.452907
1957,1636,1,1302.363064
1958,1888,1,88.107926
1959,1670,1,906.87098
1960,1680,3,725.446495
1961,2085,1,1834.408141
1962,1814,1,2887.725721
1963,1880,1,457.288169
1964,1933,2,279.170283
1965,1650,1,1863.80458
1966,1987,1,1424.193158
1967,1704,1,2663.736454
1968,1879,1,1257.386082
1969,1694,1,2217.212416
1970,1864,1,799.141498
1971,2092,3,60.890027
1972,1746,1,525.377262
1973,1969,1,165.317001
1974,1861,2,2318.465025
1975,1641,2,713.824308
1976,2079,1,1311.839099
1977,2090,1,996.812471
1978,2012,3,1179.583952
1979,2082,1,1941.223039
1980,1668,3,1106.548985
1981,1719,1,555.92346
1982,1614,2,286.31398
1983,1763,1,1956.651219
1984,1635,2,942.370519
1985,2048,1,1521.91594
1986,1633,3,552.056143
1987,1946,2,277.423308
1988,1958,1,1681.063073
1989,2102,3,191.605786
1990,1731,1,1716.87845
1991,1818,1,1020.93737
1992,1772,2,414.190432
1993,1876,1,618.698167
1994,1982,1,1162.409407
1995,1788,1,1634.718026
1996,2053,1,3264.722414
1997,2081,1,757.357142
1998,1628,1,448.022975
1999,1669,1,736.957086
2000,1766,1,1815.591331
2001,2060,1,507.853931
2002,1791,2,262.443722
2003,1663,1,1024.72754
2004,1841,5,212.400972
2005,1819,3,281.557954
2006,1642,1,2595.275576
2007,1646,1,612.820756
2008,1892,3,1353.263012
2009,1590,7,319.257226
2010,2064,1,642.522591
2011,1799,2,424.449677
2012,1620,2,2395.070843
2013,2088,3,2513.114393
2014,1973,1,2076.419969
2015,1638,1,654.414136
2016,1942,1,1315.015522
2017,1869,1,1633.448655
2018,1940,1,1750.576665
2019,1652,1,1208.503632
2020,2066,2,426.165002
2021,1826,3,423.244934
2022,1608,1,361.724631
2023,1699,1,257.41461
2024,1882,1,1063.092205
2025,2101,1,2267.927922
2026,1812,2,1418.044347
2027,1691,1,445.083684
2028,1587,1,648.016936
2029,1918,1,888.985486
2030,2014,1,1036.150787
2031,1780,2,1138.942345
2032,2068,1,1465.105297
2033,2106,1,1847.129587
2034,1934,3,321.059209
2035,2054,1,1338.332434
2036,1637,7,1407.333797
2037,2046,4,1418.961622
2038,1615,1,573.956911
2039,1939,2,78.516562
2040,1591,2,659.613317
2041,2049,1,1473.766664
2042,1843,1,201.57292
2043,2063,1,1236.998164
2044,1935,1,1300.790229
2045,2018,1,786.877199
2046,1907,1,1166.344885
2047,1612,1,738.016192
2048,1829,2,2243.118773
2049,1975,1,416.287147
2050,2021,1,449.833046
2051,1813,2,930.112194
2052,2029,2,103.772964
2053,1752,1,474.018679
2054,2005,1,57.396692
2055,1884,1,1246.704598
2056,1854,1,2727.419988
2057,1956,2,897.870065
2058,1709,2,572.751166
2059,1592,2,737.142869
2060,1912,3,426.370469
2061,1727,1,149.149335
2062,1949,2,716.282269
2063,1872,2,637.633003
2064,1689,1,1178.184258
2065,1654,1,665.725579
2066,1697,1,1628.720092
2067,1960,2,285.160347
2068,1795,2,2169.146323
2069,2084,2,335.569028
2070,1961,1,311.813144
2071,1690,2,861.83113
2072,1629,1,1757.283636
2073,1724,1,2233.256335
2074,1974,2,1040.217529
2075,2017,1,1572.152099
2076,1777,3,555.459191
2077,1797,2,2196.481296
2078,2044,1,1660.560976
2079,1893,1,691.791569
2080,1950,1,562.799778
2081,1970,3,883.362568
2082,1672,1,968.357989
2083,1996,1,903.150228
2084,1947,1,1049.345965
2085,1803,1,308.535371
2086,1716,1,1997.799978
2087,1995,2,1059.452736
2088,2022,2,828.112081
2089,1622,1,611.037811
2090,1728,1,865.527991
2091,1610,1,754.210669
2092,1804,1,901.794534
2093,1729,1,2542.390165
2094,1609,1,816.33001
2095,2096,3,1195.116717
2096,1809,1,906.815586
2097,1952,1,2551.00226
2098,1860,3,843.000651
2099,1617,1,257.098301
2100,2020,1,856.276324
2101,2010,1,1741.374281
2102,1768,4,1784.122787
2103,1593,1,182.291603
2104,2016,1,1656.689332
2105,1924,3,763.110885
2106,1963,1,1157.574271
2107,2572,2,681.880034
2108,2600,3,978.951338
2109,2283,1,2691.156228
2110,2565,1,76.058154
2111,2277,1,2348.092032
2112,2533,2,928.389017
2113,2138,1,385.810694
2114,2122,2,511.753007
2115,2235,2,1020.188649
2116,2207,2,241.074385
2117,2531,1,1418.457859
2118,2436,1,316.698633
2119,2211,1,219.0529
2120,2377,2,454.392586
2121,2409,3,1488.802081
2122,2616,2,267.676596
2123,2208,1,2016.179138
2124,2284,3,256.905467
2125,2166,1,1411.701618
2126,2231,1,1397.537546
2127,2562,4,781.504983
2128,2182,1,41.344036
2129,2363,1,2276.358311
2130,2256,1,450.750909
2131,2237,2,54.071885
2132,2141,4,1775.276945
2133,2179,1,694.178648
2134,2240,1,204.366046
2135,2144,1,2073.861234
2136,2118,1,692.142741
2137,2606,1,950.054299
2138,2203,1,1511.807943
2139,2504,3,880.198798
2140,2451,1,1792.348116
2141,2547,2,873.090187
2142,2155,4,609.810614
2143,2224,1,1606.65351
2144,2615,1,472.781107
2145,2413,4,640.153821
2146,2559,1,2065.451273
2147,2630,1,986.104247
2148,2134,1,1505.880985
2149,2364,2,254.553944
2150,2490,1,294.22379
2151,2243,2,125.494448
2152,2430,1,182.833248
2153,2302,1,248.645003
2154,2190,1,5.652659
2155,2229,4,517.674352
2156,2537,1,111.349624
2157,2584,1,986.377359
2158,2523,1,812.592374
2159,2522,1,843.551212
2160,2165,2,161.915663
2161,2177,1,462.18774
2162,2548,1,642.402043
2163,2481,2,963.864158
2164,2317,3,1880.088298
2165,2236,4,846.157386
2166,2356,1,462.712226
2167,2457,1,72.118605
2168,2624,1,545.967307
2169,2621,2,41.376896
2170,2407,1,417.829285
2171,2520,1,1626.175982
2172,2527,1,1561.752184
2173,2595,2,288.384439
2174,2227,4,59.263064
2175,2339,5,1378.577925
2176,2521,2,1466.242846
2177,2535,1,358.649347
2178,2567,1,134.419776
2179,2158,1,1401.078676
2180,2114,1,891.470967
2181,2392,1,948.277332
2182,2442,1,59.681726
2183,2371,2,306.369183
2184,2397,2,693.066983
2185,2369,1,910.542472
2186,2563,1,1159.06803
2187,2142,1,1744.113089
2188,2591,1,2305.202984
2189,2500,1,220.37591
2190,2574,1,2149.377381
2191,2427,2,122.156767
2192,2327,2,1991.898324
2193,2228,1,362.360484
2194,2470,2,1449.94994
2195,2391,4,257.712396
2196,2188,1,722.371348
2197,2198,2,15.516368
2198,2175,1,831.141945
2199,2412,3,519.012381
2200,2373,2,197.884618
2201,2613,1,432.706612
2202,2329,1,1020.04962
2203,2233,3,1088.543866
2204,2492,7,991.848409
2205,2342,1,942.275686
2206,2226,1,2229.151291
2207,2526,2,583.986363
2208,2374,1,1678.306403
2209,2113,1,402.135643
2210,2244,7,1353.965749
2211,2212,1,102.925391
2212,2455,1,1265.443326
2213,2446,3,791.585277
2214,2558,2,2036.520399
2215,2276,1,2307.368102
2216,2318,3,1079.605518
2217,2257,1,194.581933
2218,2590,1,128.58431
2219,2258,1,600.711274
2220,2466,1,1067.182237
2221,2399,1,391.828504
2222,2449,1,479.717766
2223,2573,1,1248.730821
2224,2484,1,1108.871699
2225,2196,1,275.386613
2226,2511,1,2180.879678
2227,2139,2,628.331906
2228,2594,2,977.18983
2229,2425,1,1503.656436
2230,2298,1,1472.953854
2231,2172,3,397.969725
2232,2192,1,837.216292
2233,2540,2,548.151449
2234,2463,2,277.460465
2235,2219,3,203.202469
2236,2294,4,232.573812
2237,2209,1,169.901569
2238,2191,2,1344.450465
2239,2149,3,309.336633
2240,2218,3,518.689262
2241,2214,1,1173.703645
2242,2286,1,803.906585
2243,2429,1,1987.892045
2244,2456,1,1250.539392
2245,2474,3,354.624823
2246,2337,2,977.771132
2247,2610,1,588.107731
2248,2168,1,168.795166
2249,2416,1,1588.265042
2250,2542,1,1803.041845
2251,2510,1,2095.296231
2252,2433,1,1501.953884
2253,2135,1,431.995761
2254,2495,3,42.212837
2255,2507,1,628.818779
2256,2281,1,1459.887348
2257,2582,1,82.969589
2258,2331,3,710.444599
2259,2627,2,1328.217448
2260,2486,1,267.951633
2261,2570,1,2307.894226
2262,2305,1,567.991679
2263,2189,1,840.353477
2264,2411,2,1178.063566
2265,2625,1,1140.498881
2266,2248,1,1157.616971
2267,2320,2,744.149274
2268,2300,2,30.814123
2269,2176,1,505.556795
2270,2171,1,1122.083613
2271,2185,1,1002.575
2272,2264,2,254.570821
2273,2335,1,597.462576
2274,2316,1,890.3405
2275,2400,1,963.801762
2276,2351,1,353.421266
2277,2580,2,359.128635
2278,2560,1,1414.859379
2279,2502,1,804.377599
2280,2245,1,1073.673974
2281,2221,1,2070.876801
2282,2324,1,1.47753
2283,2445,1,1206.662851
2284,2293,1,2675.604177
2285,2328,1,1143.844895
2286,2353,2,1305.122162
2287,2383,2,2014.260685
2288,2608,1,1450.637078
2289,2110,1,320.377728
2290,2116,1,1687.514949
2291,2496,1,1723.332842
2292,2620,1,1004.188727
2293,2220,1,1725.167261
2294,2311,2,1199.381668
2295,2406,2,705.977848
2296,2341,1,1588.203396
2297,2605,3,511.460048
2298,2349,3,508.957731
2299,2282,1,284.887274
2300,2587,3,184.461948
2301,2162,1,1036.452932
2302,2410,2,346.676027
2303,2137,1,1922.339026
2304,2343,1,1604.361719
2305,2515,5,213.059125
2306,2614,1,92.930282
2307,2437,1,1883.061729
2308,2223,3,1864.339967
2309,2360,2,20.720101
2310,2517,1,1787.923792
2311,2289,1,323.814922
2312,2232,1,293.074303
2313,2469,1,2643.049378
2314,2379,1,41.244795
2315,2389,2,497.084901
2316,2586,1,266.169952
2317,2153,1,432.282586
2318,2370,1,444.395634
2319,2578,3,320.189835
2320,2334,3,424.037071
2321,2398,1,1684.837419
2322,2151,1,1016.037883
2323,2395,1,1871.49408
2324,2422,1,2382.318148
2325,2450,1,603.822436
2326,2239,1,1103.575451
2327,2303,1,1703.433253
2328,2184,2,295.492102
2329,2133,1,2164.804811
2330,2148,2,467.155605
2331,2554,1,24.241637
2332,2266,2,215.79007
2333,2164,1,1907.565411
2334,2197,1,1672.325903
2335,2464,1,440.798844
2336,2443,1,2195.390575
2337,2126,1,1969.719324
2338,2386,2,1365.889586
2339,2405,1,1436.188346
2340,2598,1,103.190005
2341,2309,2,1492.17163
2342,2528,1,487.377885
2343,2471,1,1003.785135
2344,2546,3,1459.571896
2345,2623,3,458.093844
2346,2272,1,282.986026
2347,2361,3,928.224343
2348,2447,3,499.218847
2349,2352,1,2363.452173
2350,2581,1,481.502752
2351,2380,1,1304.87796
2352,2498,1,1150.032495
2353,2375,2,1209.028057
2354,2543,1,604.221442
2355,2321,2,321.716635
2356,2629,1,1461.701813
2357,2612,1,341.241138
2358,2362,1,1977.995272
2359,2267,1,1693.808561
2360,2585,6,298.960666
2361,2604,1,1201.689167
2362,2367,1,55.631214
2363,2222,1,118.31091
2364,2512,1,783.410269
2365,2262,2,331.876671
2366,2432,1,1473.421587
2367,2424,2,785.241951
2368,2541,1,980.560918
2369,2368,1,757.47971
2370,2601,2,742.537198
2371,2588,2,202.456338
2372,2174,2,338.868345
2373,2553,1,1500.821714
2374,2210,1,731.352063
2375,2478,1,904.225901
2376,2234,1,1399.757384
2377,2238,2,544.442944
2378,2575,1,794.061404
2379,2394,1,1683.042184
2380,2480,1,47.555129
2381,2275,2,160.307596
2382,2555,1,1102.280298
2383,2499,1,962.359622
2384,2508,1,2414.933266
2385,2287,1,921.33441
2386,2509,1,1081.666493
2387,2285,6,577.724866
2388,2609,1,1490.9933
2389,2552,1,187.545898
2390,2617,1,639.712092
2391,2516,1,1290.016539
2392,2439,1,2654.758202
2393,2108,2,1798.603322
2394,2173,1,1627.353138
2395,2414,1,151.874222
2396,2487,3,651.337345
2397,2205,1,1379.897659
2398,2193,1,1303.959895
2399,2338,2,248.361352
2400,2632,1,1466.609026
2401,2444,1,1590.118834
2402,2550,1,1374.106023
2403,2215,1,163.721738
2404,2263,3,587.218092
2405,2123,4,169.71064
2406,2577,4,665.432392
2407,2583,1,2108.763158
2408,2402,1,892.033324
2409,2308,1,1329.035545
2410,2607,1,1659.699884
2411,2325,1,705.634356
2412,2378,1,1817.034615
2413,2140,1,1370.160514
2414,2278,2,1128.957167
2415,2130,1,708.111783
2416,2448,2,37.823224
2417,2167,1,752.001533
2418,2304,3,113.670521
2419,2280,1,564.43148
2420,2619,2,521.474994
2421,2460,1,2197.284421
2422,2465,1,234.066427
2423,2127,1,228.856921
2424,2452,1,337.077109
2425,2147,2,1684.597762
2426,2483,2,1208.231823
2427,2115,1,1240.283143
2428,2216,1,1656.569917
2429,2253,3,615.155417
2430,2505,3,1896.802521
2431,2261,4,742.492351
2432,2344,4,1672.729632
2433,2200,4,109.046546
2434,2501,1,1091.331112
2435,2312,3,1139.692738
2436,2566,1,1173.155734
2437,2183,1,2233.008007
2438,2599,1,2349.701313
2439,2536,3,12.738741
2440,2403,1,1927.206885
2441,2589,1,1069.463896
2442,2549,1,1779.959785
2443,2323,2,173.428035
2444,2201,1,557.277688
2445,2592,2,64.676322
2446,2336,1,1489.117158
2447,2518,1,918.408334
2448,2150,2,1352.449882
2449,2225,1,2442.355991
2450,2326,1,908.310977
2451,2152,1,1418.158119
2452,2250,1,1458.071703
2453,2260,1,82.921673
2454,2453,1,141.737421
2455,2121,6,688.878653
2456,2112,1,856.268082
2457,2156,3,238.552488
2458,2576,2,534.269487
2459,2488,1,1162.170047
2460,2428,1,1494.143648
2461,2187,1,2130.894345
2462,2441,2,156.984105
2463,2170,1,2497.895921
2464,2579,2,1276.80733
2465,2247,2,1816.962502
2466,2128,1,1265.057399
2467,2265,1,1196.102859
2468,2199,2,305.668899
2469,2631,1,1615.196286
2470,2539,1,31.956281
2471,2271,2,850.651848
2472,2340,2,226.682502
2473,2544,2,1774.971766
2474,2493,1,337.50819
2475,2602,3,1162.788667
2476,2178,3,373.51087
2477,2404,1,2096.604292
2478,2396,1,47.936548
2479,2365,1,991.894818
2480,2315,1,1567.343052
2481,2357,1,1798.335463
2482,2468,1,1383.225052
2483,2252,1,2026.825492
2484,2274,1,712.225599
2485,2611,1,1614.324509
2486,2296,1,701.545076
2487,2348,1,731.02657
2488,2603,1,1403.82353
2489,2249,1,211.815413
2490,2333,2,932.695538
2491,2270,1,659.054693
2492,2163,2,1498.062344
2493,2519,3,258.869276
2494,2145,1,1482.846708
2495,2506,1,478.196802
2496,2476,1,434.245469
2497,2479,7,1529.535869
2498,2525,1,564.291372
2499,2202,1,1366.918541
2500,2359,1,554.772795
2501,2513,1,2281.095696
2502,2384,1,19.248268
2503,2514,1,588.144006
2504,2497,2,1329.162106
2505,2279,1,1570.959318
2506,2109,1,1516.275521
2507,2390,2,961.926369
2508,2217,2,601.987672
2509,2462,1,1157.269232
2510,2306,3,1544.058595
2511,2419,2,333.49704
2512,2530,1,2515.174485
2513,2246,3,94.882593
2514,2482,1,1553.863942
2515,2330,3,392.273139
2516,2534,1,1512.508388
2517,2381,3,1348.322935
2518,2120,1,1792.398431
2519,2160,1,1481.84612
2520,2618,1,1437.611021
2521,2345,1,281.576041
2522,2467,7,242.650249
2523,2292,1,1402.943642
2524,2415,1,1141.526481
2525,2545,1,1209.461302
2526,2454,1,1010.241102
2527,2475,1,79.802225
2528,2186,1,1034.920887
2529,2491,1,2134.772857
2530,2503,1,1641.462903
2531,2119,3,866.578116
2532,2421,1,1493.972199
2533,2206,1,1610.189513
2534,2268,1,1855.49909
2535,2597,1,110.067368
2536,2372,1,1916.830767
2537,2180,1,851.933818
2538,2569,1,929.236976
2539,2489,1,2241.19258
2540,2159,3,584.700256
2541,2195,1,777.752821
2542,2291,1,2551.154515
2543,2313,1,736.707479
2544,2299,5,321.145027
2545,2332,1,240.550066
2546,2254,2,1611.812984
2547,2376,1,1626.304632
2548,2401,3,321.531912
2549,2295,2,752.529956
2550,2529,1,344.049233
2551,2593,4,498.250526
2552,2417,2,100.24621
2553,2628,2,73.876439
2554,2622,3,270.012502
2555,2388,1,1341.278948
2556,2124,1,620.164595
2557,2154,7,1355.526921
2558,2111,1,1008.759688
2559,2473,1,1719.17748
2560,2355,2,155.978624
2561,2564,1,922.004599
2562,2626,2,289.087949
2563,2387,2,63.81651
2564,2561,1,317.867582
2565,2418,1,1600.715144
2566,2307,1,1717.373616
2567,2551,1,508.249537
2568,2288,1,764.211283
2569,2571,4,949.867326
2570,2458,1,293.9307
2571,2472,2,802.558773
2572,2241,1,39.433621
2573,2131,1,121.211727
2574,2556,2,486.601806
2575,2314,1,1072.174488
2576,2301,3,900.241099
2577,2557,2,736.977226
2578,2259,3,699.098286
2579,2290,2,1058.220557
2580,2435,1,628.347839
2581,2393,1,1411.707069
2582,2161,2,793.13113
2583,2213,2,1023.607045
2584,2438,7,161.023673
2585,2431,2,610.351775
2586,2143,1,1421.650477
2587,2269,4,611.289645
2588,2242,1,1100.748403
2589,2157,2,391.399242
2590,2408,1,2546.568135
2591,2322,1,816.58573
2592,2440,2,1245.158676
2593,2568,1,2576.996102
2594,2255,2,353.394587
2595,2532,1,632.266758
2596,2136,3,668.781276
2597,2434,1,928.305172
2598,2346,2,329.166403
2599,2273,1,397.56639
2600,2382,1,1535.162257
2601,2297,1,1569.561269
2602,2107,1,716.014212
2603,2251,1,329.351617
2604,2385,1,1959.562769
2605,2132,1,431.764896
2606,2347,1,426.702203
2607,2194,2,906.716274
2608,2426,1,237.438327
2609,2461,2,308.892527
2610,2459,1,82.297807
2611,2146,1,752.542584
2612,2423,1,2526.032566
2613,2494,1,810.6783
2614,2350,1,1040.280479
2615,2477,2,725.933453
2616,2230,1,283.955673
2617,2117,2,505.160666
2618,2524,1,155.940655
2619,2169,1,1241.508329
2620,2596,1,133.938245
2621,2310,1,1583.694626
2622,2538,1,372.394348
2623,2129,1,2015.431483
2624,2420,1,1139.60819
2625,2125,2,502.350265
2626,2181,2,1765.165376
2627,2358,1,924.574117
2628,2354,3,491.152696
2629,2485,2,267.176169
2630,2319,1,302.383869
2631,2366,1,430.414482
2632,2204,1,1371.537002
2633,2636,1,1629.289534
2634,2736,1,1304.76628
2635,2691,1,1305.504539
2636,2682,2,2656.513867
2637,2667,1,1320.344728
2638,2716,1,2014.10873
2639,2665,1,1139.384098
2640,2643,1,1630.357189
2641,2684,1,631.289597
2642,2715,1,155.162623
2643,2713,1,2002.826588
2644,2645,2,57.908848
2645,2719,4,1070.397206
2646,2697,1,184.316176
2647,2696,2,567.541168
2648,2707,1,2281.90551
2649,2668,1,280.031759
2650,2729,2,676.274072
2651,2730,1,23.324212
2652,2676,1,166.593639
2653,2669,2,483.088454
2654,2718,1,139.498409
2655,2638,1,803.190593
2656,2744,1,1156.787123
2657,2698,1,1494.460983
2658,2709,2,639.123188
2659,2661,1,1827.837889
2660,2649,1,1009.446035
2661,2656,7,1568.12896
2662,2642,2,1378.736585
2663,2739,1,579.803171
2664,2650,3,546.517496
2665,2723,1,1670.293007
2666,2700,1,382.934815
2667,2735,3,1436.316675
2668,2743,1,1679.55885
2669,2664,1,2693.626498
2670,2690,2,224.243555
2671,2728,3,1847.992903
2672,2658,1,667.621784
2673,2644,2,268.966279
2674,2694,4,612.409252
2675,2702,1,1227.124511
2676,2648,1,917.228531
2677,2640,1,967.588258
2678,2733,1,2203.924872
2679,2720,1,1420.198764
2680,2705,1,1151.288399
2681,2670,3,420.301644
2682,2746,2,99.723487
2683,2727,1,1776.454048
2684,2750,2,572.986795
2685,2687,1,520.077435
2686,2722,1,239.930063
2687,2737,1,240.945299
2688,2662,1,995.937403
2689,2635,1,907.15935
2690,2677,2,711.352707
2691,2660,1,262.826676
2692,2654,1,1631.942164
2693,2741,6,758.274777
2694,2688,2,10.000882
2695,2748,1,1401.758396
2696,2659,1,142.896724
2697,2657,1,1095.967177
2698,2689,1,689.211575
2699,2724,1,176.004575
2700,2641,2,1342.604141
2701,2699,1,1417.262127
2702,2711,1,698.980232
2703,2692,1,1287.034838
2704,2680,3,1196.191614
2705,2704,4,557.509051
2706,2695,1,1131.390337
2707,2634,1,81.060285
2708,2678,1,487.903617
2709,2749,2,1183.392924
2710,2653,1,201.926976
2711,2674,4,25.965282
2712,2725,1,1479.565204
2713,2666,4,78.283873
2714,2685,2,456.250015
2715,2693,1,96.306141
2716,2706,1,1435.360777
2717,2717,1,124.904599
2718,2633,1,727.009829
2719,2637,1,147.190467
2720,2671,1,362.341526
2721,2745,1,719.705349
2722,2732,1,843.961361
2723,2651,2,282.59277
2724,2646,1,1300.656469
2725,2747,5,1428.159591
2726,2712,1,772.310722
2727,2673,3,1962.7146
2728,2639,2,1812.494865
2729,2655,1,1775.140059
2730,2663,3,789.038015
2731,2647,1,1358.787481
2732,2683,1,2297.677361
2733,2652,1,667.424934
2734,2734,2,982.276884
2735,2675,1,1747.085105
2736,2742,4,626.714966
2737,2686,1,1631.401555
2738,2701,1,2019.872109
2739,2731,1,1119.572728
2740,2681,1,671.232808
2741,2703,1,540.713828
2742,2679,1,683.22513
2743,2710,1,1321.167053
2744,2672,1,1259.001246
2745,2738,1,724.777944
2746,2726,3,32.352786
2747,2721,3,1445.198406
2748,2708,1,911.323846
2749,2740,1,656.279683
2750,2714,2,339.201142
