OBJECTID_1 *,OID_1,Distance
1,808,29152.70403
2,2562,19288.96964
3,35,51864.766
4,47,41475.35679
5,93,35046.36099
6,333,10445.84421
7,533,30909.0198
8,537,31787.52518
9,538,33713.14809
10,603,26414.70504
11,742,33772.99339
12,774,4415.422674
13,1045,52564.50788
14,1051,22378.44849
15,1105,4751.809582
16,1110,28878.3973
17,1227,33551.60045
18,1246,44979.10101
19,1264,19629.04483
20,1282,28114.44994
21,1288,11618.14169
22,1323,41105.24134
23,1325,55569.14841
24,1377,30890.38814
25,1406,27172.22765
26,1478,81331.12876
27,1479,54691.85548
28,1624,20943.99408
29,1649,55839.98179
30,1655,8046.69533
31,1661,58013.6893
32,1718,36634.27733
33,1733,55952.93575
34,1786,57855.26851
35,1787,40818.65466
36,1842,37737.03942
37,1945,34482.9216
38,1951,61779.03198
39,1976,11710.06323
40,2033,55832.2164
41,2072,20136.57353
42,2074,43117.03827
43,2207,50866.92892
44,2240,989.384727
45,2277,20505.15936
46,2283,30083.09521
47,2409,35513.26265
48,2531,10685.83756
49,2533,37556.36884
50,2565,45431.07255
51,2572,56971.91089
52,2600,43888.34326
53,2636,67822.96192
54,2667,38718.51628
55,2736,46628.262
56,20,94040.86504
57,45,188372.6201
58,66,186285.6818
59,104,46485.06026
60,137,121395.7291
61,147,73760.05612
62,167,32415.87105
63,171,85917.49926
64,194,60344.44973
65,210,163020.9095
66,216,63355.79874
67,221,91893.9755
68,278,93270.83339
69,289,17861.77561
70,303,64045.1055
71,324,95887.29018
72,362,50225.95592
73,383,168332.4945
74,441,51754.21858
75,445,136278.0601
76,450,143080.2405
77,451,120739.3331
78,455,5329.355066
79,466,2856.600462
80,469,135627.4415
81,510,68118.31927
82,523,159511.1941
83,546,109071.9468
84,553,174169.4233
85,558,34120.23207
86,561,41435.13714
87,576,20979.10286
88,588,51212.9601
89,597,42607.93943
90,613,135504.9984
91,624,181423.4532
92,657,6147.229292
93,680,30055.8098
94,695,177220.6983
95,719,38375.83576
96,725,34986.38578
97,759,190032.6361
98,781,143177.5006
99,785,94180.37653
100,792,61549.03283
101,806,8195.359615
102,807,40021.85909
103,821,93618.04419
104,833,165509.3648
105,874,45024.57625
106,877,30046.85557
107,878,26659.86404
108,879,80479.67007
109,905,96491.66528
110,911,144648.8126
111,926,49313.97138
112,929,135572.4256
113,934,97214.56183
114,944,59281.37713
115,952,165913.5171
116,1019,95397.86127
117,1049,175398.5682
118,1056,145575.3101
119,1090,61868.92823
120,1108,84096.73599
121,1152,55544.64587
122,1177,5089.02658
123,1185,162231.439
124,1188,27021.67462
125,1197,122629.9322
126,1208,60940.21553
127,1240,62765.55191
128,1241,130854.0141
129,1247,126822.6594
130,1263,18563.02551
131,1284,34324.14769
132,1285,87644.35193
133,1314,75336.63068
134,1329,129012.2793
135,1360,173748.7996
136,1386,23985.90194
137,1399,186399.9448
138,1456,86250.63912
139,1510,75401.99313
140,1515,142691.7419
141,1520,126965.4957
142,1525,74065.32798
143,1528,70190.27761
144,1537,53568.82698
145,1569,138695.1544
146,1596,156474.3263
147,1600,85037.41008
148,1679,156744.7077
149,1681,94587.66432
150,1687,14805.81743
151,1708,80240.44375
152,1713,116308.2693
153,1730,96460.44332
154,1736,49115.44691
155,1758,108292.5156
156,1760,165082.6796
157,1781,167715.635
158,1789,74246.46237
159,1811,6148.531688
160,1816,140113.2853
161,1859,123617.4112
162,1919,83085.23421
163,1926,126118.8833
164,1967,89811.80488
165,1984,97323.16223
166,2023,58878.5781
167,2027,70950.24011
168,2099,38634.93404
169,2118,52739.858
170,2122,175624.9556
171,2138,166093.1935
172,2141,137786.0155
173,2144,76739.20797
174,2166,132107.1748
175,2179,105002.8782
176,2182,107994.0521
177,2190,26397.57948
178,2208,182677.7508
179,2211,151983.8938
180,2224,10748.79471
181,2231,128488.9091
182,2235,176415.3456
183,2237,115903.4834
184,2243,15998.28218
185,2256,159020.1698
186,2284,171940.4556
187,2363,124145.3687
188,2377,157977.7587
189,2436,93701.39522
190,2451,66124.70656
191,2504,10822.08415
192,2547,18769.22128
193,2606,55386.00765
194,2616,145594.0097
195,2643,54830.47408
196,2665,122918.0567
197,2682,95570.9803
198,2684,53744.50606
199,2691,82728.57924
200,2716,60264.31826
201,2229,19971.13707
202,31,27848.32202
203,58,22035.68527
204,82,64694.21263
205,148,3869.516472
206,186,38933.12492
207,326,5379.259659
208,331,73404.93565
209,357,43822.16701
210,446,14465.24872
211,454,99938.6528
212,459,88191.58482
213,504,91075.06438
214,522,14642.92389
215,570,94532.44445
216,621,94324.2602
217,659,30999.3968
218,690,54334.26002
219,691,173911.8573
220,736,75706.31363
221,805,90296.3353
222,834,47045.39385
223,870,80823.93654
224,889,96556.65128
225,914,32766.34395
226,921,134560.4925
227,993,83041.66825
228,1028,190.146489
229,1030,73415.01578
230,1032,45435.42938
231,1033,33404.22003
232,1050,44591.21294
233,1058,48017.43905
234,1071,98433.6545
235,1093,4129.980251
236,1094,63244.89097
237,1120,54493.10098
238,1138,171190.5903
239,1234,57889.10976
240,1245,36028.29822
241,1251,31949.15004
242,1290,18432.93649
243,1295,43930.61078
244,1313,21590.57216
245,1342,37389.20388
246,1411,42551.76874
247,1428,105464.2094
248,1436,59957.89013
249,1442,97091.61898
250,1474,5424.891138
251,1524,131519.665
252,1532,22655.38618
253,1562,55421.50457
254,1571,157840.3533
255,1580,62535.41573
256,1703,143484.9041
257,1742,119764.728
258,1794,39324.09656
259,1824,59457.56922
260,1849,80829.44408
261,1863,62174.3597
262,1878,38745.49823
263,1900,36061.6596
264,1906,44601.61255
265,1920,75690.24707
266,1938,122078.6671
267,2058,14114.97709
268,2067,68925.17229
269,2071,28587.56572
270,2073,61541.1933
271,2134,89190.18182
272,2142,6015.03312
273,2165,86574.4477
274,2177,69313.03976
275,2203,124299.8401
276,2227,23941.49345
277,2228,10004.92736
278,2427,20679.25167
279,2481,81434.1561
280,2522,28419.69985
281,2535,19871.03935
282,2563,22228.1417
283,2668,62250.91798
284,2696,58812.38301
285,2707,74912.14841
286,2718,18787.78721
287,2719,126509.4857
288,2730,21697.10981
289,1,139086.2057
290,22,201121.533
291,27,200615.7295
292,68,94316.75644
293,121,203778.0189
294,130,92694.57999
295,132,165683.6122
296,207,81469.0848
297,228,191986.4621
298,231,201700.9227
299,250,167022.2284
300,263,86806.35214
301,267,203034.3006
302,270,192091.1525
303,306,118267.492
304,321,158709.1702
305,332,159973.3288
306,352,183290.4655
307,367,123977.2596
308,393,161064.8796
309,460,197891.5768
310,467,123444.087
311,534,125791.233
312,554,49638.39502
313,560,78792.47569
314,565,189491.8135
315,609,150470.6431
316,620,69390.94544
317,631,189436.8113
318,640,153603.0541
319,649,187232.9119
320,723,172120.9658
321,734,44742.57728
322,744,184767.1845
323,752,97869.66041
324,779,76222.16406
325,836,70503.6347
326,869,86027.88381
327,900,125145.8355
328,953,68735.90064
329,956,124639.5832
330,968,169648.5938
331,1011,133481.3817
332,1025,174940.4788
333,1089,63396.92441
334,1136,125778.1124
335,1162,89487.36367
336,1203,150020.7446
337,1210,75236.0559
338,1243,161447.1438
339,1253,89512.30132
340,1256,197380.3433
341,1279,68353.6508
342,1309,143362.8316
343,1319,89829.04821
344,1350,158710.0497
345,1355,72385.07531
346,1371,93993.63232
347,1408,115265.3006
348,1443,195536.5549
349,1472,26592.11555
350,1480,199283.8674
351,1493,104390.4866
352,1497,43316.85641
353,1503,65500.79186
354,1513,183296.1481
355,1521,125891.6979
356,1557,206044.2891
357,1647,179693.2383
358,1651,19392.77231
359,1659,149970.6291
360,1660,121895.6977
361,1685,140561.9411
362,1715,153565.1865
363,1726,152337.9959
364,1776,13167.33799
365,1807,126010.646
366,1830,145638.5671
367,1834,187031.7326
368,1851,85707.60708
369,1917,120211.103
370,1994,162233.3295
371,2001,179265.878
372,2003,142604.0907
373,2004,57905.59595
374,2030,191096.0171
375,2031,101978.0304
376,2036,129030.659
377,2057,39128.11494
378,2069,70467.50905
379,2075,155718.7511
380,2158,163986.1478
381,2198,69092.42789
382,2226,66422.95798
383,2236,171251.6591
384,2327,101445.3478
385,2342,57664.7345
386,2369,30952.76669
387,2391,46186.8906
388,2392,134478.8128
389,2397,176635.6461
390,2407,162621.9063
391,2412,28638.42019
392,2442,132066.3295
393,2470,84257.51346
394,2490,180453.0616
395,2520,115259.6576
396,2523,114489.6453
397,2527,104822.6023
398,2537,143280.3801
399,2548,153227.1946
400,2574,166943.6823
401,2584,148663.6808
402,2621,130974.9189
403,2624,154384.2301
404,2630,200622.2457
405,2638,29522.96262
406,2645,189919.8321
407,2669,54055.09244
408,2697,163607.4604
409,2715,195624.2534
410,2744,27707.8162
411,2,141271.4692
412,5,82493.5948
413,6,160164.8874
414,10,70905.44797
415,15,118146.857
416,18,131095.214
417,26,171504.1804
418,32,29707.13555
419,38,5212.589847
420,40,36638.38444
421,48,74620.5503
422,57,179786.3834
423,60,182764.6674
424,61,121157.4761
425,65,165954.9766
426,67,25923.53806
427,78,53516.00031
428,79,137893.8929
429,83,174735.8877
430,87,140583.7861
431,91,140669.0126
432,97,115483.5306
433,98,165627.4593
434,101,8496.701701
435,103,121264.094
436,115,112103.1911
437,118,66625.13359
438,120,110928.9339
439,122,149410.5963
440,127,204901.5742
441,133,128344.7322
442,142,150067.5942
443,150,127275.6631
444,153,154230.2425
445,166,155084.2008
446,169,141613.4028
447,174,42345.50516
448,178,91275.63146
449,179,159761.4407
450,181,30091.66336
451,182,102511.9734
452,185,59955.86957
453,187,193214.111
454,198,107187.9364
455,199,165326.5509
456,200,108749.0353
457,203,176205.0461
458,208,71770.99885
459,209,156694.8177
460,211,176628.7669
461,213,47768.13039
462,214,81902.54803
463,215,148682.5322
464,218,162479.438
465,220,176913.2974
466,222,197857.4052
467,232,38330.35931
468,235,148303.3584
469,240,105870.139
470,246,29655.76183
471,252,29251.42678
472,257,141874.5198
473,258,171988.2606
474,259,96270.22953
475,262,7728.244806
476,264,61704.8481
477,266,166819.0317
478,269,143174.5504
479,273,152566.083
480,275,133190.3248
481,279,162929.4985
482,284,159838.5902
483,285,95438.5286
484,300,33887.96319
485,302,110626.3007
486,304,148856.46
487,307,149605.152
488,314,178951.6691
489,315,120707.6589
490,317,8757.76556
491,330,162479.7344
492,336,120811.8443
493,344,150955.2675
494,346,52108.08241
495,350,82270.8513
496,351,66679.29793
497,356,152329.1799
498,361,194839.1802
499,366,36838.58857
500,368,83363.89565
501,369,98183.74761
502,371,107433.6211
503,374,137184.2748
504,381,42901.38687
505,388,151231.0818
506,396,157450.0396
507,404,53608.72685
508,409,157930.0624
509,412,8291.907288
510,421,134843.497
511,422,14411.26599
512,424,135435.4588
513,426,197197.5111
514,429,86911.12632
515,430,73275.96291
516,435,65118.4968
517,436,84201.42681
518,439,7815.413022
519,444,80347.71198
520,452,1398.783546
521,456,51125.26893
522,457,135263.9551
523,461,148552.7707
524,473,147585.4007
525,476,166850.526
526,477,144142.1693
527,479,192476.0497
528,488,113025.6546
529,489,14502.88945
530,492,127815.5324
531,500,87755.06271
532,501,156279.5174
533,517,152781.5115
534,520,120791.6488
535,521,13715.30966
536,525,131406.5125
537,528,148783.5266
538,531,180694.4929
539,532,34259.67054
540,535,147907.2218
541,541,170473.4002
542,543,177623.9156
543,545,109846.0802
544,556,163400.8623
545,563,45534.23504
546,564,152098.7021
547,567,112811.7711
548,571,45626.85899
549,573,205938.6592
550,584,164644.8824
551,585,148938.2688
552,586,166320.9775
553,600,39483.55052
554,606,185468.4097
555,610,61423.35879
556,626,112539.9494
557,629,76872.02199
558,633,140616.975
559,636,198951.0875
560,641,91.155562
561,645,32892.6534
562,647,67910.56966
563,651,47888.33128
564,658,114051.0489
565,661,138472.0503
566,666,107648.1845
567,667,138096.6565
568,673,137875.4727
569,674,172988.7896
570,683,156808.9149
571,685,41214.06055
572,697,90844.58128
573,698,127481.7345
574,703,183270.9823
575,712,138251.2912
576,718,167141.6509
577,720,159472.9211
578,726,97172.31496
579,728,199902.7436
580,746,170261.1347
581,747,128751.9378
582,755,6265.477978
583,756,148467.7913
584,757,18711.38279
585,758,128428.9212
586,760,98586.026
587,763,73957.58353
588,768,164316.659
589,772,119333.4635
590,782,151873.5574
591,784,96384.36929
592,791,137891.8124
593,795,79315.33616
594,797,126424.5664
595,798,170162.5376
596,809,178673.2831
597,813,157916.7152
598,816,137179.2451
599,823,141725.4458
600,826,132882.0531
601,831,154548.1097
602,832,91265.06073
603,837,81329.09286
604,841,138085.0075
605,845,29255.09003
606,846,169408.3568
607,847,65262.66598
608,858,143310.669
609,865,50793.30008
610,867,133432.6931
611,871,50096.91707
612,873,156896.7544
613,876,173545.6003
614,880,163186.2249
615,882,150706.3002
616,885,165779.0334
617,887,153509.7633
618,888,36722.79718
619,893,160589.2371
620,895,155118.1567
621,899,153312.9126
622,902,96264.4697
623,903,80028.25541
624,908,125608.1637
625,910,124907.8616
626,912,137262.5081
627,917,176027.3857
628,922,133212.8214
629,927,31370.96808
630,930,214520.9433
631,937,146598.004
632,945,4739.364018
633,946,197865.6168
634,947,156448.7021
635,948,103578.114
636,950,143740.5558
637,965,183176.0587
638,970,91982.31861
639,971,43103.49005
640,988,201346.9583
641,991,169290.3853
642,992,47662.04892
643,995,162263.5294
644,996,65858.91069
645,998,7101.40253
646,1001,24100.49108
647,1003,17386.24854
648,1012,184593.0936
649,1013,159139.6882
650,1017,137183.3732
651,1021,36157.13865
652,1024,126925.2452
653,1029,122624.3948
654,1031,128992.5191
655,1034,182066.3892
656,1036,184817.8111
657,1038,65009.71524
658,1041,106384.7996
659,1042,152344.8232
660,1047,170669.2442
661,1053,160363.9715
662,1054,132964.1131
663,1063,83262.81799
664,1070,56876.89357
665,1073,70586.28229
666,1078,155748.3699
667,1081,52289.63571
668,1084,145929.3458
669,1091,154930.2632
670,1096,3024.4724
671,1097,127176.8434
672,1099,127084.2823
673,1100,44816.11905
674,1106,31647.84773
675,1117,121886.7224
676,1121,91485.02651
677,1122,89420.66715
678,1125,172908.9977
679,1127,107570.4968
680,1130,156383.3436
681,1131,133965.3444
682,1132,154006.3986
683,1137,43212.8814
684,1139,16574.31215
685,1141,109124.622
686,1153,69808.77385
687,1157,172151.2236
688,1158,46471.56758
689,1160,138792.7867
690,1165,25940.54003
691,1166,174068.9136
692,1167,133855.3897
693,1169,181171.5632
694,1173,45256.39381
695,1174,69693.22526
696,1175,85124.07608
697,1180,155221.7554
698,1183,176804.0272
699,1198,140846.0262
700,1206,23399.77847
701,1214,160000.5304
702,1217,55091.60397
703,1218,107686.7535
704,1225,20811.74747
705,1226,120070.9007
706,1228,156335.1835
707,1231,117540.638
708,1236,159760.3119
709,1239,82217.20847
710,1244,20783.90196
711,1248,27988.80727
712,1257,60466.49595
713,1259,122948.4568
714,1268,132266.6993
715,1276,112162.4675
716,1277,201147.3058
717,1289,162289.7068
718,1298,116961.4439
719,1301,143486.8416
720,1307,63113.18382
721,1310,184314.1536
722,1324,96468.05103
723,1327,69138.62519
724,1330,23186.5461
725,1333,107855.4451
726,1336,58193.71546
727,1338,141234.472
728,1346,157665.8194
729,1348,92685.91764
730,1352,159389.9426
731,1358,148542.6937
732,1365,49468.81819
733,1367,140347.2434
734,1372,8254.151699
735,1373,139813.2853
736,1374,40364.18828
737,1376,139334.2519
738,1378,5413.703583
739,1395,15592.97221
740,1397,188440.508
741,1402,80648.16051
742,1405,101256.0922
743,1416,160435.5849
744,1417,177168.7904
745,1421,211836.5491
746,1423,62410.25828
747,1425,140753.1928
748,1429,17705.8688
749,1430,27994.19177
750,1432,47993.98666
751,1437,130999.4085
752,1440,61138.87752
753,1447,63089.47077
754,1455,56911.83604
755,1459,103347.8023
756,1463,108336.0394
757,1465,157490.0771
758,1466,127606.3096
759,1467,20498.41183
760,1468,24243.549
761,1485,80241.09801
762,1486,117123.8405
763,1502,148674.3729
764,1509,182465.5235
765,1512,157492.0711
766,1517,195424.0936
767,1519,149157.8026
768,1539,36463.74225
769,1542,122225.1858
770,1544,121509.1383
771,1547,156750.4717
772,1550,39371.16135
773,1551,111547.9176
774,1556,97940.73052
775,1563,30364.01203
776,1564,206649.7609
777,1566,112238.8732
778,1568,135374.4168
779,1575,106469.0882
780,1579,71504.29224
781,1583,30673.00732
782,1584,12097.67799
783,1586,82504.16144
784,1588,179010.1528
785,1606,71508.65223
786,1613,29878.41313
787,1618,166395.043
788,1625,142661.6433
789,1626,30389.26014
790,1631,150083.3811
791,1632,146916.3762
792,1634,74550.39552
793,1639,166711.4915
794,1643,64692.42129
795,1645,160121.1565
796,1653,36490.20286
797,1656,167758.8419
798,1657,93902.71378
799,1664,166060.7359
800,1667,172709.5705
801,1674,161700.1329
802,1675,137869.985
803,1676,24004.23068
804,1678,33888.09237
805,1682,127483.1032
806,1684,169656.2135
807,1688,180660.96
808,1693,136516.0034
809,1698,195045.7075
810,1700,160399.9907
811,1702,169386.7971
812,1705,149349.2348
813,1711,202481.1646
814,1714,36736.53016
815,1717,189638.9905
816,1720,147537.158
817,1721,199569.6377
818,1723,59863.84849
819,1734,185120.614
820,1735,155336.3478
821,1738,104020.6325
822,1739,122560.1315
823,1744,114504.2114
824,1748,102163.9636
825,1750,7058.734123
826,1757,54806.35867
827,1759,165196.859
828,1765,101710.6692
829,1769,28033.76281
830,1771,62883.79576
831,1782,129366.3735
832,1783,52238.01104
833,1785,167928.9877
834,1790,57545.56884
835,1796,1760.55034
836,1798,193278.3626
837,1800,149190.0003
838,1802,144806.5294
839,1805,125127.3187
840,1806,65772.49812
841,1810,140976.3154
842,1815,164972.3259
843,1831,85780.55057
844,1832,147455.8972
845,1836,78389.98614
846,1846,187079.9134
847,1848,70159.44397
848,1856,94264.43694
849,1857,110471.2329
850,1867,187804.9515
851,1870,114713.8837
852,1871,202515.5136
853,1875,12881.6125
854,1877,65836.83148
855,1881,146810.5039
856,1890,139033.3313
857,1896,74441.79899
858,1897,20296.89823
859,1898,182743.5923
860,1902,125819.2357
861,1904,163863.7349
862,1905,142961.7847
863,1910,61504.80433
864,1911,147623.8034
865,1913,160306.2565
866,1923,138692.6687
867,1927,150996.4284
868,1928,131700.8815
869,1932,139299.516
870,1937,161946.1518
871,1944,50958.10442
872,1948,150809.4165
873,1953,111214.2274
874,1954,14928.52935
875,1955,181276.6495
876,1959,81448.20132
877,1966,168929.9649
878,1972,112122.8279
879,1983,83471.2933
880,1985,56526.53187
881,1989,46437.45908
882,1993,33414.71613
883,1999,72299.30162
884,2007,146595.0563
885,2009,142346.0372
886,2011,28926.535
887,2032,130249.5886
888,2034,79728.29896
889,2040,151788.949
890,2041,157111.8083
891,2045,82690.42375
892,2047,146040.9664
893,2061,158500.9448
894,2062,201527.3517
895,2065,70300.11105
896,2070,465.053587
897,2076,160081.1009
898,2091,196360.044
899,2093,65994.42746
900,2094,68521.21187
901,2097,94814.54995
902,2104,112942.9333
903,2113,58779.79881
904,2114,64387.27912
905,2123,178242.9033
906,2135,119018.421
907,2137,153921.6376
908,2139,54618.46933
909,2149,132222.061
910,2155,184390.159
911,2168,105357.5271
912,2172,123174.4959
913,2174,164832.638
914,2175,68088.03152
915,2188,128645.302
916,2189,125686.4277
917,2191,60162.5253
918,2192,64345.14201
919,2196,63482.72208
920,2197,138131.101
921,2209,151516.5731
922,2212,26032.80654
923,2214,112048.194
924,2218,134959.1482
925,2219,76455.10287
926,2222,160664.4686
927,2233,23567.49295
928,2239,143170.3022
929,2244,37519.38407
930,2245,162902.5101
931,2248,118192.5468
932,2257,4847.453745
933,2258,7670.146743
934,2262,161738.7766
935,2266,162597.9215
936,2276,9407.13395
937,2281,125563.6273
938,2286,88541.96742
939,2289,135953.0366
940,2293,158099.7245
941,2294,35990.06278
942,2298,100355.3027
943,2302,162629.2152
944,2303,159728.1924
945,2305,86666.15961
946,2317,180289.7456
947,2318,92330.91063
948,2320,111141.7133
949,2329,122061.1757
950,2331,120371.8045
951,2337,85030.17921
952,2339,155062.7728
953,2353,152341.0504
954,2356,130776.4446
955,2360,142182.8583
956,2364,202317.932
957,2371,177250.911
958,2373,68756.55364
959,2374,2777.124434
960,2378,199677.8456
961,2383,151468.0013
962,2399,72687.02074
963,2402,190941.7317
964,2406,152300.788
965,2410,134863.3392
966,2411,140152.3726
967,2413,175697.816
968,2414,179694.6083
969,2416,9591.542492
970,2425,59583.18226
971,2429,78489.11419
972,2430,143392.1448
973,2433,73529.9997
974,2443,158297.0903
975,2446,75850.58415
976,2447,165035.7235
977,2449,124319.0887
978,2455,15947.49611
979,2456,79605.44303
980,2457,167299.5176
981,2463,87802.12848
982,2466,85508.28817
983,2474,139068.9965
984,2484,55722.87538
985,2486,102526.4893
986,2492,116837.7452
987,2495,141477.6271
988,2498,171986.2219
989,2500,168484.0162
990,2507,70724.44211
991,2510,63348.76608
992,2511,145589.3546
993,2517,150559.2573
994,2521,145448.7482
995,2526,49687.55367
996,2540,62581.96494
997,2542,9820.100558
998,2543,146907.6169
999,2550,199191.4914
1000,2555,172702.1594
1001,2558,100741.936
1002,2559,199533.5272
1003,2567,114112.7055
1004,2573,118151.0756
1005,2580,154111.4945
1006,2582,37526.31684
1007,2583,185969.1006
1008,2585,145900.4859
1009,2588,164370.5586
1010,2590,41678.58971
1011,2591,115693.3163
1012,2594,3347.812525
1013,2595,108252.4083
1014,2604,155950.6182
1015,2610,59602.55808
1016,2613,81172.81794
1017,2615,166679.3596
1018,2627,99950.71224
1019,2642,98125.94676
1020,2648,143332.6058
1021,2649,42153.57822
1022,2650,128513.2715
1023,2656,26352.01222
1024,2659,159617.4414
1025,2660,146404.5218
1026,2661,122985.9618
1027,2662,153173.2115
1028,2676,83105.38057
1029,2690,98207.92405
1030,2698,149571.4066
1031,2700,107696.5585
1032,2709,14497.73734
1033,2711,182604.851
1034,2713,137705.8408
1035,2722,161239.6162
1036,2723,48347.98525
1037,2729,67578.16495
1038,2733,153232.6821
1039,2735,17664.09189
1040,2739,32056.86219
1041,2741,149669.6045
1042,13,13385.66119
1043,30,63162.26064
1044,41,51497.33931
1045,73,50094.39773
1046,80,10692.08518
1047,100,98911.58632
1048,117,2193.834276
1049,128,104125.9267
1050,140,14238.68212
1051,149,118464.3046
1052,154,878.233584
1053,196,13151.46566
1054,247,131207.7032
1055,249,82089.84462
1056,274,71723.21945
1057,287,54318.85981
1058,292,66317.11468
1059,293,35345.4226
1060,319,83236.68283
1061,347,120170.8679
1062,348,33064.80959
1063,364,16286.0182
1064,384,53396.10795
1065,394,17024.37051
1066,410,5441.919207
1067,416,40851.64188
1068,462,10916.40204
1069,478,33884.25992
1070,507,26828.30714
1071,526,112301.1835
1072,552,15605.11498
1073,581,103104.5392
1074,590,17252.05263
1075,615,89637.4611
1076,616,126144.6595
1077,628,37455.63601
1078,668,111167.3476
1079,684,81624.65026
1080,687,130563.8095
1081,775,91198.93514
1082,778,87553.74529
1083,811,58346.05714
1084,838,26027.7443
1085,840,112470.4132
1086,843,9549.752783
1087,886,111812.0717
1088,901,104698.2239
1089,920,4916.526234
1090,924,16316.20822
1091,954,15315.95194
1092,978,111783.3451
1093,997,22370.72344
1094,1014,11611.81517
1095,1022,98528.24318
1096,1026,26249.13403
1097,1046,42783.72891
1098,1066,11272.84496
1099,1088,65765.81935
1100,1103,17273.16586
1101,1112,3639.381001
1102,1118,113585.9052
1103,1144,95856.11555
1104,1161,54288.39049
1105,1163,42330.57215
1106,1192,25631.68987
1107,1200,41641.24331
1108,1219,18035.6129
1109,1222,55732.55733
1110,1237,21009.45828
1111,1262,57529.29415
1112,1286,97462.32153
1113,1293,9948.110795
1114,1326,88919.75366
1115,1334,1720.648617
1116,1364,45679.52493
1117,1414,44522.72715
1118,1419,20101.34985
1119,1438,93252.27642
1120,1451,42411.95242
1121,1471,46633.70846
1122,1488,28871.98449
1123,1505,39021.32972
1124,1507,121725.5329
1125,1511,108740.0404
1126,1526,12758.47146
1127,1536,42702.17524
1128,1549,33167.07882
1129,1581,70525.72859
1130,1597,1030.817578
1131,1599,25620.1502
1132,1607,52025.49926
1133,1627,117600.5158
1134,1648,23967.53598
1135,1658,103513.93
1136,1737,117391.7382
1137,1747,91072.5271
1138,1751,50172.63925
1139,1755,2811.901394
1140,1762,31753.01774
1141,1770,2497.221138
1142,1793,27299.31612
1143,1821,41567.41688
1144,1828,99951.24885
1145,1835,76.576475
1146,1837,118850.9435
1147,1845,95203.75909
1148,1850,27580.79738
1149,1855,91870.88307
1150,1865,97695.29841
1151,1866,66728.29696
1152,1873,2.677932
1153,1916,55791.76256
1154,1936,8394.089027
1155,1943,56707.15895
1156,1957,77622.0109
1157,1979,29382.39008
1158,1986,24100.22262
1159,1990,74939.17909
1160,1991,110741.3333
1161,2013,1285.052266
1162,2026,20360.74554
1163,2028,56109.47356
1164,2038,91920.36185
1165,2039,93553.54892
1166,2042,25809.57015
1167,2059,66397.11296
1168,2095,79273.40008
1169,2105,39771.35962
1170,2110,56602.27242
1171,2116,58857.54689
1172,2171,66398.53472
1173,2176,92570.69038
1174,2185,73101.36178
1175,2220,84384.87081
1176,2221,101245.495
1177,2264,42385.55964
1178,2300,4873.288622
1179,2311,131495.8414
1180,2316,45898.44488
1181,2324,76206.50923
1182,2328,23925.9918
1183,2335,11878.2941
1184,2341,124028.9667
1185,2343,126760.9167
1186,2351,113506.0956
1187,2400,45265.58793
1188,2445,15890.82325
1189,2496,46772.29813
1190,2502,96783.8933
1191,2560,56937.32083
1192,2570,48373.59445
1193,2605,118281.8236
1194,2608,113071.891
1195,2620,5531.056764
1196,2625,36712.78192
1197,2640,127111.3937
1198,2644,31389.15727
1199,2658,50022.4025
1200,2664,10511.32332
1201,2670,71317.56694
1202,2694,1118.170317
1203,2702,73114.87069
1204,2705,44044.33418
1205,2720,87990.46923
1206,2727,15511.43552
1207,2728,9869.417185
1208,2743,25898.17297
1209,2746,133079.6984
1210,2750,69508.66089
1211,3,40927.07851
1212,4,13501.87078
1213,11,54294.42006
1214,14,46042.27023
1215,16,54014.83127
1216,28,55016.25074
1217,39,118120.5867
1218,44,90525.66189
1219,50,1064.118363
1220,51,75017.27529
1221,53,28843.86123
1222,54,84902.03437
1223,59,113004.1856
1224,62,99139.7731
1225,72,7831.974015
1226,85,5727.669041
1227,89,53340.46732
1228,99,36852.34256
1229,107,11123.19098
1230,110,102284.9309
1231,111,3972.624471
1232,116,63830.38223
1233,126,20682.04913
1234,159,71606.94777
1235,160,103584.2278
1236,163,19118.43386
1237,165,59788.73829
1238,175,78462.24401
1239,180,117046.5319
1240,188,51010.43472
1241,193,96926.63384
1242,202,71121.59996
1243,239,20392.60001
1244,241,76144.76495
1245,242,50846.59462
1246,243,44698.57966
1247,245,9074.805455
1248,248,35813.20337
1249,251,73453.78257
1250,272,79250.33445
1251,280,54630.1472
1252,286,61526.90856
1253,294,96267.37823
1254,298,7328.396974
1255,299,62886.88318
1256,305,54191.6491
1257,309,39959.21833
1258,312,49938.64488
1259,313,94812.17708
1260,320,38864.68256
1261,322,19259.85952
1262,329,21096.85661
1263,335,109614.8676
1264,339,51548.2055
1265,341,84058.85874
1266,358,97472.24405
1267,360,6070.031343
1268,372,19254.80478
1269,373,40205.37286
1270,379,41242.15744
1271,387,90761.82026
1272,389,86051.4059
1273,391,53395.56457
1274,395,95181.16812
1275,398,53787.35453
1276,402,112405.0798
1277,408,97016.8988
1278,413,6373.867589
1279,423,40144.81513
1280,433,91001.04228
1281,434,90475.10275
1282,448,55058.42046
1283,468,45062.28445
1284,471,77879.1076
1285,475,77891.83563
1286,480,46934.23539
1287,483,64321.86861
1288,497,23461.04312
1289,498,29082.87593
1290,499,111210.5786
1291,503,119545.7303
1292,519,26594.22349
1293,527,15807.9044
1294,547,109337.4071
1295,550,11337.18267
1296,555,85560.4257
1297,566,50652.6857
1298,568,48634.44866
1299,574,110869.507
1300,578,83521.70064
1301,579,91295.8445
1302,583,86919.92771
1303,587,86354.56335
1304,592,62783.82554
1305,593,30091.06043
1306,604,2808.455349
1307,608,118414.3811
1308,612,68394.06783
1309,614,95869.189
1310,618,76044.51885
1311,619,44461.47692
1312,625,45088.1487
1313,644,16196.6903
1314,648,21813.77753
1315,652,26136.50729
1316,654,86210.50997
1317,656,14259.44368
1318,660,25968.10325
1319,662,27656.4549
1320,665,14067.01837
1321,669,22649.34017
1322,675,605.368611
1323,676,86722.33207
1324,682,79387.96973
1325,702,55501.37144
1326,706,49895.6477
1327,709,44983.05755
1328,710,10092.69486
1329,715,98082.73704
1330,716,31056.86684
1331,717,37073.06745
1332,724,64503.65843
1333,727,60464.19789
1334,729,93585.57229
1335,730,12795.36891
1336,732,59825.06256
1337,735,47646.2537
1338,738,109868.4967
1339,739,16454.65695
1340,748,83757.47838
1341,762,40678.01134
1342,767,88502.39971
1343,770,39515.39132
1344,783,26136.5669
1345,789,108391.3113
1346,796,68516.67866
1347,802,94140.7973
1348,804,24798.71585
1349,815,8094.365771
1350,818,108649.9718
1351,819,78139.36633
1352,828,108077.3311
1353,850,91496.30295
1354,851,71678.67047
1355,855,104030.3466
1356,860,84147.89387
1357,861,70695.27221
1358,864,57473.51673
1359,868,52876.3601
1360,875,55063.62105
1361,883,3871.792358
1362,890,107319.2473
1363,898,35059.68283
1364,906,18623.06666
1365,907,10049.50531
1366,919,41207.64969
1367,931,81132.46581
1368,935,108729.998
1369,939,27995.70952
1370,940,6262.352758
1371,943,99573.44304
1372,949,55473.28118
1373,951,35088.10222
1374,959,3582.176434
1375,960,20839.08937
1376,969,13432.09332
1377,973,16981.59626
1378,975,38209.02307
1379,977,85376.21458
1380,994,81071.38114
1381,999,106897.6198
1382,1006,12706.25957
1383,1010,61429.22121
1384,1015,17891.01593
1385,1023,16269.68155
1386,1035,12619.71273
1387,1037,21225.5115
1388,1039,5257.617243
1389,1061,59394.03657
1390,1065,127561.8893
1391,1076,102824.5038
1392,1080,65762.89359
1393,1085,27347.94821
1394,1086,89218.02619
1395,1087,22704.93139
1396,1101,76770.47121
1397,1109,100308.5346
1398,1113,2085.920909
1399,1114,52747.25098
1400,1133,9161.151629
1401,1134,75039.69122
1402,1142,113229.471
1403,1147,69607.5852
1404,1150,97991.54358
1405,1154,7119.807434
1406,1155,30124.79418
1407,1164,29527.18215
1408,1168,48721.96067
1409,1171,87254.14458
1410,1182,96968.87503
1411,1187,55364.16954
1412,1193,32125.60987
1413,1205,61345.47163
1414,1213,64434.62179
1415,1216,32674.65818
1416,1223,77776.32496
1417,1230,24992.56123
1418,1238,22574.24542
1419,1242,89952.97396
1420,1252,16629.98091
1421,1255,34293.23968
1422,1261,24447.00503
1423,1267,57656.33035
1424,1275,87591.04223
1425,1278,111236.7808
1426,1280,60278.38099
1427,1287,8735.667869
1428,1294,40052.08993
1429,1296,50597.48791
1430,1297,55047.74024
1431,1302,75967.11188
1432,1304,23131.13555
1433,1311,61430.44705
1434,1312,60807.65789
1435,1315,46091.18221
1436,1320,11055.02142
1437,1321,47675.09525
1438,1328,102522.8488
1439,1332,27836.0513
1440,1344,89340.95692
1441,1353,81330.25785
1442,1359,89102.80387
1443,1361,95572.15996
1444,1375,105635.662
1445,1381,91027.29345
1446,1382,60079.80743
1447,1384,86158.46805
1448,1393,82743.8923
1449,1409,2261.553411
1450,1413,20112.16735
1451,1422,72654.98606
1452,1441,23381.85438
1453,1444,69655.92714
1454,1449,64578.68152
1455,1453,7496.835776
1456,1461,15973.05185
1457,1464,9656.232736
1458,1469,99101.64295
1459,1475,96495.48145
1460,1487,107429.465
1461,1491,25109.31452
1462,1499,53753.11427
1463,1506,17190.33514
1464,1508,45877.79446
1465,1531,112077.6784
1466,1548,45495.89555
1467,1567,33879.82144
1468,1573,87214.12803
1469,1574,57903.70843
1470,1577,6845.144694
1471,1598,86675.16689
1472,1601,83491.26544
1473,1602,35042.96853
1474,1604,94821.02989
1475,1605,16004.96201
1476,1611,109213.2706
1477,1616,31907.38468
1478,1619,112072.2622
1479,1623,64723.45866
1480,1640,93238.61433
1481,1665,100173.2137
1482,1671,14953.46299
1483,1673,3682.691352
1484,1696,104556.8259
1485,1707,105427.8098
1486,1712,16129.91664
1487,1722,49813.56654
1488,1741,110375.8765
1489,1749,58567.85415
1490,1753,66690.74174
1491,1754,48862.08469
1492,1756,89821.59732
1493,1761,38690.54756
1494,1764,47150.57742
1495,1774,123757.9017
1496,1775,38168.08239
1497,1778,82508.02176
1498,1779,60317.27191
1499,1784,102707.2248
1500,1792,48182.07468
1501,1817,108470.8204
1502,1820,26799.59918
1503,1822,93111.82884
1504,1823,76238.18015
1505,1827,21493.75018
1506,1838,111149.6161
1507,1839,40632.89702
1508,1840,33319.73632
1509,1844,119361.2012
1510,1847,82535.8423
1511,1852,71932.81684
1512,1853,31527.53309
1513,1858,80635.97176
1514,1868,57863.48026
1515,1874,31574.63169
1516,1885,58193.71744
1517,1886,46178.86984
1518,1887,78414.06936
1519,1889,41767.76963
1520,1891,49858.82676
1521,1894,77165.65031
1522,1895,7289.535902
1523,1903,93291.13653
1524,1908,85483.71696
1525,1909,30830.80294
1526,1914,56117.47606
1527,1915,5528.52779
1528,1922,15766.89376
1529,1930,6388.983115
1530,1941,43108.77171
1531,1962,10514.05928
1532,1964,35115.21756
1533,1968,76151.64832
1534,1977,111369.1358
1535,1988,20977.76299
1536,2002,107015.486
1537,2008,6864.930014
1538,2015,103877.5887
1539,2025,35489.27189
1540,2035,60538.56972
1541,2043,83356.57872
1542,2052,79383.91922
1543,2055,99262.51038
1544,2056,82256.97026
1545,2077,10413.57021
1546,2078,89571.82065
1547,2080,73991.51815
1548,2083,29088.30068
1549,2087,35449.30291
1550,2089,90056.03989
1551,2100,92432.42734
1552,2103,38230.62628
1553,2108,100070.0567
1554,2126,96803.89096
1555,2133,113252.6856
1556,2148,8751.589812
1557,2151,6361.984246
1558,2153,17909.17105
1559,2162,22771.48917
1560,2164,79314.87597
1561,2173,18965.85445
1562,2184,18419.88518
1563,2193,90417.36801
1564,2205,37138.49004
1565,2210,18445.91084
1566,2215,113071.6391
1567,2223,107513.0826
1568,2232,46739.46419
1569,2234,102473.7806
1570,2238,111691.0317
1571,2263,48834.22033
1572,2267,27560.10611
1573,2272,81332.99113
1574,2275,68843.04266
1575,2278,74619.43015
1576,2282,48702.91172
1577,2285,57925.8151
1578,2287,53487.13839
1579,2304,54607.78456
1580,2308,86199.63391
1581,2309,7072.826401
1582,2321,22108.62171
1583,2325,48028.86935
1584,2334,11150.37245
1585,2338,36324.68596
1586,2349,41407.34434
1587,2352,5031.286801
1588,2361,66639.74759
1589,2362,100831.1461
1590,2367,59871.93492
1591,2368,58416.23575
1592,2370,18113.53578
1593,2375,43052.42261
1594,2379,19343.66601
1595,2380,97554.82887
1596,2386,97905.29262
1597,2389,29751.95188
1598,2394,19699.12505
1599,2395,102073.3459
1600,2398,54360.1661
1601,2405,110695.5151
1602,2422,80992.1563
1603,2424,44115.91306
1604,2432,27371.64517
1605,2437,58013.36171
1606,2444,62396.38008
1607,2450,29098.52309
1608,2464,42288.03969
1609,2469,113344.627
1610,2471,29998.71922
1611,2478,18653.35705
1612,2480,6554.780037
1613,2487,49819.40106
1614,2499,36181.68845
1615,2508,74757.62934
1616,2509,87746.93117
1617,2512,9850.55376
1618,2515,97700.49658
1619,2516,80237.43285
1620,2528,91742.80991
1621,2541,70516.97545
1622,2546,64192.94537
1623,2552,71761.69275
1624,2553,68516.98822
1625,2554,84241.8829
1626,2575,43355.60685
1627,2577,45216.56058
1628,2578,43907.88185
1629,2581,84026.92052
1630,2586,35660.18231
1631,2587,60679.81745
1632,2598,101170.9076
1633,2601,105559.1202
1634,2607,77365.27323
1635,2609,62830.28498
1636,2612,72538.9205
1637,2614,19331.42371
1638,2617,71273.65877
1639,2623,45647.81777
1640,2629,58172.08991
1641,2632,103355.332
1642,2635,22896.08375
1643,2641,32135.1936
1644,2654,69372.87776
1645,2657,3739.382675
1646,2677,8099.867389
1647,2680,76493.64837
1648,2687,30943.70662
1649,2688,92974.59191
1650,2689,4308.479608
1651,2692,32160.32674
1652,2699,25027.47018
1653,2724,52395.27291
1654,2737,96644.49724
1655,2748,19341.48331
1656,17,7829.184645
1657,64,54890.17412
1658,81,18998.42119
1659,84,19770.13349
1660,108,45403.41147
1661,138,11313.50336
1662,206,29283.67027
1663,225,18342.17086
1664,334,8490.006284
1665,482,12980.23388
1666,512,1280.921007
1667,611,5275.295071
1668,638,37628.50503
1669,663,22396.13223
1670,689,2661.169941
1671,721,3579.69796
1672,749,7798.172002
1673,786,49159.09383
1674,788,23244.78854
1675,824,15319.8276
1676,866,22974.61314
1677,958,6267.356935
1678,1000,10645.80888
1679,1027,10885.74874
1680,1060,33988.88427
1681,1082,25192.36082
1682,1123,65355.79431
1683,1146,32562.53056
1684,1220,2309.568795
1685,1224,13460.27412
1686,1299,23794.29814
1687,1300,39650.49432
1688,1303,476.540271
1689,1322,38049.25479
1690,1383,8012.706968
1691,1400,25048.47827
1692,1534,3744.497815
1693,1543,37877.19942
1694,1561,15379.45252
1695,1578,5850.898377
1696,1594,22034.88563
1697,1621,14205.674
1698,1630,36983.73156
1699,1662,488.422082
1700,1677,14832.61424
1701,1683,3373.021945
1702,1686,57411.69453
1703,1710,28340.25845
1704,1725,29316.18979
1705,1740,22102.22913
1706,1743,5903.375702
1707,1767,38645.35634
1708,1773,58760.88127
1709,1814,1195.50157
1710,1862,62166.39487
1711,1899,3220.911123
1712,1901,24411.6662
1713,1965,76.825184
1714,1981,13219.49495
1715,1992,10979.2658
1716,1997,40483.60354
1717,1998,16160.59647
1718,2006,41196.65575
1719,2050,22791.91025
1720,2086,19092.60947
1721,2121,38474.47842
1722,2127,5209.308353
1723,2128,6794.451724
1724,2130,41639.463
1725,2140,41278.69256
1726,2147,33264.89083
1727,2152,28311.32675
1728,2167,24408.61406
1729,2216,22420.10979
1730,2439,628.700496
1731,2448,11901.39435
1732,2460,37931.86395
1733,2483,32676.84747
1734,2505,29741.86909
1735,2549,24404.48077
1736,2589,2643.280987
1737,2695,51497.41028
1738,2717,1193.255375
1739,2725,951.272014
1740,139,53967.99221
1741,158,28210.77179
1742,170,29105.56923
1743,291,48392.39687
1744,431,19116.77325
1745,502,63546.58332
1746,678,59141.86848
1747,692,54016.10371
1748,701,37304.23475
1749,776,14573.48011
1750,825,22354.09437
1751,1159,33230.16682
1752,1178,23316.54177
1753,1186,38760.36023
1754,1196,61552.04917
1755,1212,64557.4218
1756,1347,37541.32369
1757,1435,48935.39369
1758,1473,47251.93485
1759,1522,36164.12132
1760,1572,22536.36282
1761,1603,66737.80808
1762,1666,44769.58369
1763,1879,19483.8518
1764,1929,64652.97519
1765,1971,65225.59864
1766,2000,51800.50853
1767,2249,25209.16652
1768,2323,54589.24561
1769,2357,30596.08892
1770,2462,8042.096568
1771,2468,30567.44525
1772,2514,12490.31728
1773,2525,18501.98308
1774,2539,36515.8308
1775,2566,68979.23378
1776,2592,54938.57879
1777,2653,61596.61692
1778,2666,45824.97763
1779,2749,57791.36484
1780,34,3902.798712
1781,56,24640.59928
1782,74,9005.036569
1783,177,3042.892243
1784,191,37199.85563
1785,204,7317.544498
1786,223,144.483871
1787,340,32967.65828
1788,378,7045.030264
1789,427,25028.1059
1790,591,18714.41842
1791,630,39868.05414
1792,839,13936.21185
1793,1007,7664.639517
1794,1156,31328.73813
1795,1281,435.264207
1796,1385,28387.58546
1797,1394,6712.20397
1798,1477,373.212608
1799,1694,15773.74272
1800,1861,15055.07503
1801,2085,14847.64415
1802,2163,7589.623232
1803,2199,19823.59118
1804,2217,9235.297353
1805,2250,43861.63143
1806,2488,38356.7072
1807,2530,1507.635566
1808,2579,37764.00208
1809,2603,20589.10353
1810,2671,5833.199329
1811,2745,7305.435867
1812,7,21002.19826
1813,9,33591.51642
1814,19,54894.23839
1815,25,18578.98313
1816,29,105005.9804
1817,37,21169.15358
1818,52,103843.1694
1819,63,58855.72131
1820,69,62051.29648
1821,70,121415.6868
1822,71,95273.95924
1823,76,30217.70775
1824,94,128876.0381
1825,96,72496.67977
1826,102,108027.8433
1827,109,66598.49263
1828,113,74190.28574
1829,114,94895.03886
1830,134,91300.31316
1831,136,103723.0901
1832,144,52026.95599
1833,164,18821.47587
1834,173,117768.0877
1835,192,98315.38928
1836,205,99037.22188
1837,217,40682.27107
1838,219,32898.01777
1839,224,117774.1499
1840,229,46539.48964
1841,233,103576.2721
1842,238,42079.49757
1843,253,78085.32837
1844,255,117050.4343
1845,256,57204.63166
1846,260,50683.30798
1847,288,95318.07437
1848,297,78271.7043
1849,308,101979.7053
1850,310,115029.869
1851,323,115423.1321
1852,328,44866.20681
1853,337,125569.6743
1854,342,80410.80944
1855,343,39531.6568
1856,345,68510.35011
1857,349,107699.154
1858,353,140648.3401
1859,354,39649.71952
1860,365,35219.46808
1861,370,90925.56972
1862,375,101391.9467
1863,377,104969.0868
1864,382,26870.75319
1865,392,59205.82841
1866,399,89015.90634
1867,400,59177.60706
1868,403,36957.61544
1869,405,109488.8367
1870,411,124206.095
1871,414,84165.59197
1872,417,27193.27945
1873,419,21318.91485
1874,420,51023.38943
1875,428,72775.77181
1876,432,22303.081
1877,438,50296.45936
1878,442,9248.657078
1879,443,87581.29074
1880,447,63947.98788
1881,453,101165.8132
1882,458,20659.60759
1883,463,49527.75418
1884,464,104088.9905
1885,470,29399.9273
1886,474,106152.9847
1887,481,76560.77728
1888,485,14007.51859
1889,491,74678.92523
1890,494,133132.9271
1891,496,60350.69277
1892,514,68660.46473
1893,529,34049.96778
1894,542,28452.43878
1895,551,3391.712493
1896,557,81271.94815
1897,559,69325.53444
1898,562,62113.17348
1899,572,34249.68013
1900,580,115015.2788
1901,582,59885.59086
1902,594,72662.51033
1903,595,89361.44922
1904,599,99506.16702
1905,605,67730.50969
1906,607,95633.14747
1907,617,100473.0108
1908,627,114720.2642
1909,634,139016.6495
1910,637,80925.94852
1911,643,13837.54568
1912,655,55371.38076
1913,670,72582.70368
1914,672,53527.36528
1915,677,22126.2384
1916,686,143485.0791
1917,688,89469.49921
1918,693,104753.3965
1919,696,37084.65122
1920,705,75815.11409
1921,713,3259.302565
1922,714,68433.7682
1923,722,75629.66559
1924,737,48883.8834
1925,750,48231.68726
1926,753,104807.4072
1927,761,93195.14539
1928,777,125684.7514
1929,793,56834.11197
1930,801,86692.1779
1931,814,83883.72968
1932,817,81977.76519
1933,820,83735.1864
1934,822,22707.86859
1935,830,9305.881229
1936,842,112954.9791
1937,849,87766.62717
1938,852,102566.8174
1939,854,52001.90801
1940,856,125368.7984
1941,859,89042.13293
1942,881,93585.98763
1943,891,82351.09262
1944,896,63632.34012
1945,925,17221.68489
1946,928,77596.98531
1947,932,84838.3542
1948,936,43390.58138
1949,938,46127.85647
1950,955,103484.0876
1951,962,84535.85608
1952,972,73239.07901
1953,976,41906.88043
1954,982,70952.96113
1955,984,57045.16575
1956,985,54788.09663
1957,986,78769.35723
1958,989,72961.79914
1959,1020,29552.16753
1960,1062,53171.02254
1961,1064,51551.75287
1962,1067,80160.68365
1963,1068,67423.69601
1964,1074,99957.69681
1965,1095,22594.3378
1966,1098,99582.84249
1967,1104,12597.65677
1968,1111,76073.6834
1969,1116,67751.87908
1970,1126,68060.98907
1971,1128,25769.86575
1972,1135,107077.951
1973,1140,57657.04171
1974,1145,95563.59463
1975,1151,126462.7952
1976,1176,31725.12793
1977,1184,70661.52448
1978,1189,59302.03025
1979,1190,73659.24661
1980,1202,44065.54768
1981,1211,110768.4707
1982,1215,131860.0062
1983,1233,94427.43678
1984,1250,74711.53344
1985,1258,99659.70384
1986,1260,95090.09879
1987,1266,101867.7058
1988,1269,36145.00677
1989,1271,85520.25739
1990,1272,112432.952
1991,1283,33365.58668
1992,1291,74436.40154
1993,1305,11633.14274
1994,1306,57797.93241
1995,1316,63406.74699
1996,1317,69614.50031
1997,1318,48672.99965
1998,1331,63515.30997
1999,1335,67946.77839
2000,1339,51822.98893
2001,1340,59228.1775
2002,1345,47419.88104
2003,1349,37038.79048
2004,1354,45383.50492
2005,1356,91320.30157
2006,1366,92523.41886
2007,1369,32385.45337
2008,1370,36796.49097
2009,1379,55002.8647
2010,1387,68364.65781
2011,1389,83614.73409
2012,1390,131655.8748
2013,1392,91761.34838
2014,1396,72300.45887
2015,1403,23724.10131
2016,1410,93083.89756
2017,1415,73021.75246
2018,1418,75091.7909
2019,1420,104243.2127
2020,1431,128949.3447
2021,1433,77691.15297
2022,1445,110021.4531
2023,1446,87382.05361
2024,1450,68865.98993
2025,1457,56258.36685
2026,1458,61183.41028
2027,1470,16472.49789
2028,1490,10500.191
2029,1492,109582.0417
2030,1495,128536.274
2031,1496,118.450689
2032,1500,66194.91421
2033,1501,58928.61873
2034,1504,31542.69914
2035,1514,36623.69901
2036,1523,89721.35523
2037,1530,40287.33569
2038,1538,111283.7749
2039,1540,62118.83983
2040,1541,105793.2267
2041,1545,55035.78473
2042,1546,92233.54934
2043,1552,118759.1446
2044,1560,101610.4289
2045,1565,94858.09971
2046,1589,75469.52129
2047,1590,116361.1316
2048,1608,46181.42683
2049,1614,70055.83957
2050,1620,18502.69419
2051,1628,124666.8717
2052,1633,59923.33072
2053,1635,72866.50739
2054,1636,132450.3654
2055,1638,83948.87124
2056,1641,43010.93835
2057,1642,93169.97622
2058,1644,101005.2129
2059,1646,97842.73741
2060,1650,76827.15904
2061,1652,40899.45051
2062,1663,38239.78313
2063,1668,38827.53886
2064,1669,38457.14201
2065,1670,118443.3542
2066,1680,64652.2564
2067,1692,64493.65739
2068,1695,94827.78222
2069,1701,77063.38657
2070,1704,60769.82469
2071,1706,101627.5509
2072,1719,21327.23249
2073,1731,56513.72065
2074,1732,67189.65929
2075,1746,120194.4324
2076,1763,55182.48623
2077,1766,37700.90383
2078,1772,89111.27659
2079,1788,68004.62347
2080,1791,78918.13551
2081,1801,108415.4281
2082,1818,46280.74444
2083,1819,52013.63639
2084,1825,99399.32472
2085,1826,52280.38376
2086,1833,105729.3174
2087,1841,29077.30561
2088,1864,115290.4471
2089,1869,108324.619
2090,1876,77385.06221
2091,1880,133990.4412
2092,1882,39025.61378
2093,1883,90560.53834
2094,1888,87793.75197
2095,1892,42306.00274
2096,1921,97607.17685
2097,1925,121095.0299
2098,1931,92956.71772
2099,1933,120114.8232
2100,1940,96834.08749
2101,1942,96042.57093
2102,1946,76495.53097
2103,1958,26907.64048
2104,1969,54443.07177
2105,1973,80571.44483
2106,1978,119304.0231
2107,1982,62224.3051
2108,1987,114474.0124
2109,2012,24601.83575
2110,2014,90387.24823
2111,2019,88129.18632
2112,2024,75793.76767
2113,2037,65574.66276
2114,2048,92621.80422
2115,2051,52911.59306
2116,2053,69519.63429
2117,2066,18449.59576
2118,2079,89152.03303
2119,2081,17266.13851
2120,2082,75066.89503
2121,2088,66566.34884
2122,2090,89073.92554
2123,2092,62728.90984
2124,2098,68313.88039
2125,2102,37100.03354
2126,2109,112937.0951
2127,2111,71262.11211
2128,2112,59276.8402
2129,2115,114462.8343
2130,2119,42337.8721
2131,2120,27946.00926
2132,2145,82957.69458
2133,2154,98357.72345
2134,2156,97077.54783
2135,2159,51154.51049
2136,2160,81197.2058
2137,2170,143490.9728
2138,2178,134482.5178
2139,2180,9451.916809
2140,2183,99679.57584
2141,2186,19617.76951
2142,2187,59006.76132
2143,2200,113340.7033
2144,2202,108280.0481
2145,2246,126324.3362
2146,2247,64895.49812
2147,2252,36072.84075
2148,2254,31448.69735
2149,2265,42220.74631
2150,2268,28916.92602
2151,2270,97846.25359
2152,2271,71131.46263
2153,2274,38718.64129
2154,2279,103962.0482
2155,2280,116484.7146
2156,2291,10058.95136
2157,2292,102991.0669
2158,2295,85371.90114
2159,2296,43486.74337
2160,2306,93511.51362
2161,2312,118568.1471
2162,2313,83086.22176
2163,2315,120680.4552
2164,2330,18967.96419
2165,2333,74138.10194
2166,2336,53607.83897
2167,2340,72358.38974
2168,2344,88359.34267
2169,2345,98698.49769
2170,2348,42007.52398
2171,2355,59679.50166
2172,2359,30469.29034
2173,2365,88538.39971
2174,2376,44349.48202
2175,2381,14831.10097
2176,2384,88795.53157
2177,2388,75804.82726
2178,2390,111467.5084
2179,2396,111572.3324
2180,2403,106906.5197
2181,2404,99662.03426
2182,2415,97407.5004
2183,2419,122261.151
2184,2421,56525.16295
2185,2428,59185.6166
2186,2441,87783.78003
2187,2453,108993.7646
2188,2454,33266.12606
2189,2467,119329.5521
2190,2475,3817.938398
2191,2476,52684.96418
2192,2479,134591.4586
2193,2482,57353.68251
2194,2489,101046.9921
2195,2491,64360.00335
2196,2493,141819.9737
2197,2497,30097.30567
2198,2501,82217.75342
2199,2503,66404.53811
2200,2506,36117.6778
2201,2513,32585.27544
2202,2518,89763.79282
2203,2519,100181.0994
2204,2529,70194.15939
2205,2534,110296.6489
2206,2536,68244.15432
2207,2544,70395.60075
2208,2564,63402.78339
2209,2569,3694.979304
2210,2576,56833.57555
2211,2593,83750.51964
2212,2597,68069.10969
2213,2602,52245.35672
2214,2611,126285.6225
2215,2618,87057.9176
2216,2622,44809.50901
2217,2628,76626.12234
2218,2631,118789.1703
2219,2633,74816.98717
2220,2637,105979.4711
2221,2646,82101.41718
2222,2651,92079.80572
2223,2655,31322.18294
2224,2663,27688.81745
2225,2673,73540.40231
2226,2685,99195.02234
2227,2693,67927.27645
2228,2704,111743.5479
2229,2706,44455.16091
2230,2712,49190.2373
2231,2732,33307.50317
2232,2747,23328.97931
2233,12,64856.43555
2234,21,18557.5986
2235,33,26710.02377
2236,88,1640.776723
2237,105,57913.92619
2238,112,21183.34294
2239,123,754.498627
2240,135,33122.08666
2241,143,69202.16759
2242,168,18724.75202
2243,184,9277.346669
2244,212,63600.58829
2245,265,68038.52192
2246,277,44937.55752
2247,338,42062.46408
2248,359,15489.25037
2249,406,85399.03758
2250,407,15741.71644
2251,415,3578.307742
2252,487,15538.14632
2253,506,4753.047663
2254,509,23061.9866
2255,707,41334.65896
2256,708,60907.69071
2257,751,14127.28797
2258,754,22504.73751
2259,771,60140.88898
2260,773,45718.85509
2261,799,64222.53824
2262,827,12422.9344
2263,872,20592.45201
2264,892,44565.40374
2265,897,60415.82707
2266,942,12421.31478
2267,967,64577.00738
2268,974,28349.05851
2269,1002,27440.00658
2270,1043,67000.77279
2271,1055,1428.220852
2272,1059,60948.46712
2273,1075,18616.09093
2274,1092,66854.98643
2275,1143,16160.01497
2276,1148,51670.61015
2277,1170,66112.54282
2278,1181,75063.3317
2279,1254,71755.08831
2280,1270,49254.51316
2281,1341,67121.46752
2282,1343,55938.08104
2283,1388,51023.43396
2284,1391,89791.47572
2285,1404,54720.2921
2286,1434,71408.95692
2287,1448,3558.014219
2288,1452,63271.40813
2289,1462,84777.66963
2290,1484,19077.04395
2291,1553,82252.01004
2292,1558,1960.912526
2293,1591,44459.88599
2294,1612,53968.35862
2295,1615,80472.68532
2296,1699,1779.25385
2297,1752,39942.70368
2298,1780,77152.76908
2299,1812,31144.32918
2300,1829,71453.64059
2301,1854,23144.85661
2302,1884,68917.42088
2303,1907,34251.53538
2304,1918,49528.17408
2305,1934,68029.90142
2306,1975,31446.11853
2307,2018,27203.36815
2308,2021,62705.62511
2309,2046,34582.33985
2310,2049,79256.13856
2311,2131,52469.02506
2312,2161,42689.79471
2313,2213,43446.21007
2314,2241,36689.74424
2315,2259,12315.51775
2316,2290,68629.73563
2317,2307,54197.33755
2318,2314,3369.895845
2319,2393,17733.06579
2320,2431,14946.7769
2321,2472,67689.51783
2322,2551,83657.41989
2323,2556,41266.51261
2324,2557,27503.70989
2325,2571,60320.79857
2326,2647,8178.572092
2327,2652,19483.20798
2328,2701,33527.57779
2329,2734,70349.27136
2330,23,32481.98984
2331,505,65757.55417
2332,577,71649.23997
2333,699,72370.07121
2334,700,24453.50874
2335,913,24819.5524
2336,964,55628.5743
2337,1057,54351.12229
2338,1079,28207.25775
2339,1221,28851.31472
2340,1439,69325.80887
2341,1498,68985.5712
2342,1516,80042.18909
2343,1582,81758.51082
2344,1709,63124.9901
2345,1724,32900.21853
2346,1950,24793.96295
2347,2742,75514.85927
2348,183,75.018326
2349,941,1723.086548
2350,1809,7067.688191
2351,75,45317.73217
2352,86,26986.72911
2353,152,45529.33562
2354,156,26464.16251
2355,197,54657.75866
2356,254,44925.93119
2357,671,11956.62599
2358,980,47570.78562
2359,1072,56507.02583
2360,1124,29543.38211
2361,1249,12955.70288
2362,1380,34212.89728
2363,1481,42167.78283
2364,1529,67212.22097
2365,1727,65893.30893
2366,2063,77292.81433
2367,2169,15813.54426
2368,2273,42286.66207
2369,2596,14188.17164
2370,2686,71365.43322
2371,2703,49767.81728
2372,2721,20943.12591
2373,8,52031.47827
2374,42,87295.84982
2375,49,21481.49658
2376,55,209727.8284
2377,92,81253.30648
2378,119,100731.4619
2379,124,21900.03315
2380,125,111009.0235
2381,145,67842.65774
2382,146,59940.52233
2383,157,42895.35655
2384,176,203350.2356
2385,230,83250.82963
2386,244,92916.41596
2387,261,200575.3517
2388,281,33380.36428
2389,282,114505.0558
2390,301,109508.0295
2391,311,115012.8366
2392,316,213434.0572
2393,318,23731.7266
2394,380,190182.5628
2395,401,208357.9062
2396,440,188522.7493
2397,449,55570.96174
2398,472,122513.3189
2399,490,100572.7334
2400,495,60139.02043
2401,508,58049.54139
2402,515,91467.90429
2403,536,84417.63558
2404,544,59899.48889
2405,598,41510.50117
2406,602,105730.9612
2407,622,61860.7503
2408,623,188126.5442
2409,635,102717.1079
2410,639,192008.8877
2411,650,102712.1568
2412,664,36704.73737
2413,679,80520.56693
2414,704,121844.6899
2415,733,109475.5622
2416,740,218929.0445
2417,741,218621.6688
2418,743,88945.90902
2419,745,214187.7382
2420,829,95840.22391
2421,835,95096.89375
2422,857,119579.8961
2423,884,120620.3146
2424,918,115812.5945
2425,933,199233.134
2426,961,52607.42607
2427,963,5338.578674
2428,966,102373.722
2429,979,93303.9047
2430,983,64925.065
2431,990,94902.24837
2432,1009,84294.63805
2433,1044,191882.5735
2434,1052,82577.48734
2435,1107,194082.9727
2436,1129,103479.0918
2437,1149,203906.9123
2438,1172,202361.2613
2439,1179,44085.04573
2440,1194,122986.2434
2441,1199,84663.35268
2442,1204,88224.12494
2443,1209,77874.53331
2444,1232,110714.5739
2445,1292,213940.4559
2446,1308,112670.5973
2447,1337,40409.07964
2448,1351,86087.32815
2449,1357,87564.01013
2450,1362,203924.8738
2451,1363,107817.7853
2452,1368,114272.4767
2453,1401,30967.86368
2454,1407,78359.86291
2455,1412,19223.58584
2456,1424,53597.95631
2457,1427,201409.9539
2458,1454,106080.6416
2459,1476,70670.812
2460,1482,71011.84915
2461,1555,103749.4276
2462,1576,202169.6623
2463,1587,94139.38603
2464,1595,191421.4259
2465,1617,2227.039161
2466,1637,84301.41508
2467,1672,20480.74668
2468,1691,99725.24369
2469,1745,198512.3073
2470,1777,26795.38417
2471,1799,117662.1658
2472,1808,186426.0594
2473,1813,64901.65059
2474,1843,72245.19092
2475,1935,74383.33978
2476,1939,85832.17168
2477,1980,189676.6498
2478,2005,62097.05804
2479,2017,28613.48667
2480,2029,65420.09879
2481,2054,88001.13372
2482,2060,124606.0052
2483,2064,120984.1639
2484,2068,83566.98624
2485,2101,96894.24003
2486,2106,83988.85071
2487,2124,104362.0945
2488,2146,17563.66779
2489,2150,194526.6027
2490,2195,112767.7488
2491,2201,198104.2628
2492,2206,114293.0208
2493,2225,189334.6622
2494,2253,209086.4276
2495,2260,190806.9108
2496,2288,83708.56418
2497,2299,109221.538
2498,2301,78938.58358
2499,2326,192688.0458
2500,2332,108278.9027
2501,2372,116130.9465
2502,2382,28603.87049
2503,2387,93061.62339
2504,2401,106329.7871
2505,2417,101791.0489
2506,2418,83973.39191
2507,2435,72933.99615
2508,2438,61770.27721
2509,2452,212366.2687
2510,2458,85840.70612
2511,2465,213371.0189
2512,2473,93355.33198
2513,2477,15701.97175
2514,2532,47033.47121
2515,2545,131598.0044
2516,2561,89818.99681
2517,2599,206708.9053
2518,2619,215342.0952
2519,2626,89430.09683
2520,2634,201985.1336
2521,2639,119346.9148
2522,2674,194207.3402
2523,2675,75738.20969
2524,2678,204321.4908
2525,2683,82294.91139
2526,2726,19408.50904
2527,484,20869.1358
2528,511,37482.87121
2529,596,43619.49733
2530,711,51498.66028
2531,731,50620.55107
2532,790,32058.31865
2533,848,32700.46479
2534,1016,48923.83131
2535,1048,27121.0644
2536,1191,37327.00824
2537,1195,39463.46535
2538,1460,16435.15491
2539,1554,10376.85208
2540,1559,39899.72046
2541,1609,8031.163076
2542,1690,48180.3488
2543,1804,10015.11709
2544,1995,25889.51127
2545,2194,30460.76709
2546,2426,28330.22485
2547,2459,32595.25657
2548,2679,46880.42398
2549,437,27855.65092
2550,548,17416.63586
2551,601,26758.4072
2552,800,6161.214695
2553,1077,20645.41415
2554,1207,12007.21675
2555,1570,24003.0426
2556,1768,1618.321082
2557,2538,15477.8935
2558,106,8775.602893
2559,227,4219.98903
2560,276,7400.837709
2561,549,1078.290652
2562,1535,11070.82086
2563,1728,13498.76911
2564,1729,16614.12607
2565,376,20750.75682
2566,812,19944.04743
2567,1083,12986.86149
2568,1593,4592.162463
2569,2016,4685.286673
2570,2022,26407.28382
2571,24,25597.91165
2572,493,31785.33822
2573,1494,23586.77221
2574,1716,22029.86923
2575,2350,27081.99168
2576,2204,255.604411
2577,916,9838.439243
2578,1963,3466.746241
2579,2319,4778.236433
2580,2485,1149.834886
2581,46,171528.9898
2582,77,918.93816
2583,90,19251.76813
2584,95,27637.70204
2585,129,17880.26554
2586,141,20724.87761
2587,151,57524.20337
2588,162,2633.367015
2589,172,2766.547196
2590,190,10212.9168
2591,195,21117.12352
2592,201,17871.32305
2593,234,1220.523423
2594,236,11485.40934
2595,268,7466.067584
2596,290,11263.56043
2597,296,63066.08636
2598,325,2716.697351
2599,355,172.047175
2600,363,182283.9059
2601,385,29580.66098
2602,386,13886.64707
2603,390,10186.7888
2604,465,25018.84273
2605,486,24767.94805
2606,513,298.499436
2607,516,43615.21584
2608,518,47824.5151
2609,530,7616.169419
2610,539,5699.641722
2611,540,56623.73673
2612,632,14022.40199
2613,642,9585.688171
2614,646,54711.26588
2615,653,3290.437683
2616,681,13411.6864
2617,765,12710.05665
2618,766,4025.174288
2619,810,4269.152555
2620,853,11325.09063
2621,862,4029.702011
2622,863,1264.349237
2623,894,21960.62693
2624,915,3420.32058
2625,981,26591.09366
2626,1005,22297.90956
2627,1008,19796.64111
2628,1069,1660.113692
2629,1115,48348.79111
2630,1201,47042.70523
2631,1235,29364.98113
2632,1265,19180.59337
2633,1274,23484.70139
2634,1398,1374.98232
2635,1426,19663.65166
2636,1489,42592.22936
2637,1527,32003.07316
2638,1533,2679.032748
2639,1585,947.099043
2640,1629,32756.68297
2641,1654,29376.52624
2642,1689,27015.92951
2643,1697,4017.257222
2644,1893,16151.8555
2645,1912,14182.16402
2646,1947,7120.559077
2647,1949,45650.33672
2648,1956,19846.69653
2649,1960,39832.08615
2650,1974,35864.96885
2651,2084,19246.63454
2652,2107,19768.31132
2653,2129,8989.457189
2654,2136,43158.77998
2655,2143,23239.3608
2656,2157,46903.56956
2657,2230,8596.003685
2658,2242,23356.02571
2659,2251,24512.93965
2660,2255,49307.90947
2661,2261,180755.8284
2662,2269,5800.578603
2663,2310,7457.709125
2664,2322,55947.24599
2665,2346,41976.73073
2666,2347,18069.33393
2667,2358,3589.169927
2668,2366,1030.294996
2669,2385,16167.17023
2670,2408,29697.07143
2671,2420,12255.04077
2672,2423,19841.09453
2673,2440,7107.781442
2674,2461,5006.470727
2675,2568,37293.10273
2676,2710,31116.4745
2677,2731,52874.73333
2678,36,41817.64682
2679,43,2609.337961
2680,131,1424.64355
2681,155,51615.04422
2682,161,48584.39151
2683,189,28888.06781
2684,226,41898.40193
2685,237,6658.245765
2686,271,411.003292
2687,283,49657.92293
2688,295,6691.857757
2689,327,36558.21723
2690,397,18575.50875
2691,418,25186.35234
2692,425,1562.204638
2693,524,42719.62025
2694,569,4816.931321
2695,575,8168.462082
2696,589,62598.87943
2697,694,14217.15066
2698,764,34038.98984
2699,769,20187.89296
2700,780,19929.60423
2701,787,23587.14692
2702,794,9522.144828
2703,803,14499.13085
2704,844,31568.42641
2705,904,22510.18759
2706,909,48145.27957
2707,923,33634.80592
2708,957,7650.201397
2709,987,58535.42888
2710,1004,52684.98352
2711,1018,6040.353057
2712,1040,56643.2213
2713,1102,34851.28326
2714,1119,6740.686738
2715,1229,15023.63602
2716,1273,47865.06109
2717,1483,5996.564992
2718,1518,32062.25778
2719,1592,66244.35647
2720,1610,13601.06182
2721,1622,16904.25164
2722,1795,52500.81972
2723,1797,35973.05369
2724,1803,22313.26487
2725,1860,9370.788034
2726,1872,62167.8236
2727,1924,2023.472631
2728,1952,9439.246694
2729,1961,51562.2882
2730,1970,30691.16922
2731,1996,28969.75885
2732,2010,3918.188057
2733,2020,6902.58631
2734,2044,36856.29854
2735,2096,13487.39612
2736,2117,21568.80639
2737,2125,11017.46962
2738,2132,36646.93473
2739,2181,10751.59385
2740,2297,43584.7555
2741,2354,5445.363466
2742,2434,49248.80817
2743,2494,26525.5325
2744,2524,19165.87476
2745,2672,35074.65911
2746,2681,58640.62357
2747,2708,26051.92986
2748,2714,20712.4782
2749,2738,35553.09541
2750,2740,21764.60292
